행정동,인구수,세대수,원룸 및 주택 밀집,쓰레기 민원 빈도,연간 쓰레기 배출량 예측 값,전체 인구 대비 지역 인구 비율,kmeans_cluster,kmedoids_cluster,gmm_cluster,hierarchical_cluster
중앙동,9646,4885,48,16,6984.578,0.0151078742315674,1,0,1,1
풍남동,3549,2242,30,4,6984.578,0.0055585575002936,1,0,1,1
노송동,10362,5456,94,22,6984.578,0.0162292963702572,1,0,1,1
완산동,4881,2594,44,11,6984.578,0.0076447785739457,1,0,1,1
동서학동,5823,3113,37,7,6984.578,0.00912016915306,1,0,1,1
서서학동,7916,4306,32,4,6984.578,0.0123982928070793,1,0,1,1
중화산1동,13510,6330,129,27,7160.993,0.0211597948236031,1,0,1,1
중화산2동,18950,9204,510,49,8010.363,0.0296800971063863,0,2,0,1
서신동,38869,17539,745,55,13698.702,0.0608778730568933,2,1,2,0
평화1동,11847,7009,67,11,6984.578,0.0185551509456125,1,0,1,1
평화2동,43236,18596,229,27,14707.287,0.067717608363679,2,1,2,0
삼천1동,11582,5336,70,8,6984.578,0.0181400994557343,1,0,1,1
삼천2동,12294,6038,554,29,6984.578,0.0192552566662751,1,0,0,1
삼천3동,20663,9155,39,69,8102.214,0.0323630525862406,0,2,0,2
효자1동,12809,5881,44,11,7160.993,0.0200618661654724,1,0,1,1
효자2동,9115,4453,101,26,6984.578,0.0142762050197736,1,0,1,1
효자3동,13835,5970,51,9,7160.993,0.0216688202357179,1,0,1,1
효자4동,38595,16731,688,48,13993.824,0.0604487254786796,2,1,2,0
효자5동,36079,18556,1410,60,11904.034,0.0565080856728924,2,1,2,0
진북동,12531,6522,87,24,6984.578,0.0196264536591096,1,0,1,1
인후1동,17185,7423,143,65,7629.619,0.0269156975605936,0,2,0,2
인후2동,10241,5707,161,37,6984.578,0.0160397822937468,1,0,1,1
인후3동,30137,14449,502,43,17324.749,0.0472015349073965,2,1,2,0
덕진동,20643,10992,423,59,8402.538,0.0323317279454951,0,2,0,1
금암1동,8041,5834,320,89,6984.578,0.0125940718117389,0,2,0,2
금암2동,9449,5175,142,30,6984.578,0.0147993265202239,1,0,1,1
팔복동,7354,4506,87,50,6984.578,0.01151807040213,0,2,0,1
우아1동,11939,5933,157,27,6984.578,0.018699244293042,1,0,1,1
우아2동,13795,7669,392,29,7372.691,0.0216061709542268,1,0,0,1
호성동,18593,7887,15,16,7629.619,0.0291209522690786,1,0,0,1
송천1동,64691,24347,214,36,20953.023,0.1013211167234425,2,1,2,0
송천2동,26465,11126,79,34,7825.012,0.0414503308665178,1,0,0,1
조촌동,12032,6263,20,25,6984.578,0.0188449038725087,1,0,0,1
여의동,15887,7125,18,38,7397.578,0.0248827283762089,1,0,0,1
혁신동,35931,13029,348,49,18328.905,0.0562762833313755,2,1,2,0
