식당(ID),업소명,도로명주소,지번주소,Latitude,Longitude,식당대표전화번호,영업신고증업태명,영업인허가명,음식점소개내용,식당상태,eligible_status,coordinate_valid,행정동
412532,전북대학교영빈관,,전북특별자치도 전주시 덕진구 덕진동1가 662-8,0.0,0.0,063-278-9500,중국식,일반음식점,"어디 가야 할지 고민이시라고요? 그럼 전라북도 전주시 맛집, ""전북대학교영빈관""을 추천합니다! 남녀 화장실이 구분되어 있는 매장입니다. 주차공간, 다국어 메뉴판, 그리고 무선 인터넷이 있는 매장입니다.",운영중,True,False,
864602,별난만두 호남본점,전북특별자치도 전주시 완산구 홍산남로 47,전북특별자치도 전주시 완산구 효자동3가 1534-2,35.8160436,127.107253,063-236-0888,만두,,"전라북도 전주시에 가신다면 ""별난만두 호남본점""에 방문해보세요~",미확인,False,True,효자5동
864774,메가커피 전주대점,전북특별자치도 전주시 완산구 백마산길 36 1층 2층,전북특별자치도 전주시 완산구 효자동3가 1175-2,35.8170697,127.0894331,063-715-0819,카페,,"""메가커피 전주대점""을 전라북도 전주시의 가 볼 만한 식당으로 추천합니다!",미확인,False,True,효자4동
864562,피자마루 전주평화점,전북특별자치도 전주시 완산구 평화7길 11,전북특별자치도 전주시 완산구 평화동2가 225-1,35.7879638,127.1363507,063-225-8869,피자,,"전라북도 전주시에서 가 볼 만한 식당을 찾으신다면? ""피자마루 전주평화점""을 추천합니다!",미확인,False,True,평화2동
865614,도시어부신시가지점,전북특별자치도 전주시 완산구 홍산중앙로 35,전북특별자치도 전주시 완산구 효자동3가 1535-4,35.8167245,127.1087283,063-226-8998,,,"어디 가야 할지 고민이시라고요? 그럼 전라북도 전주시 맛집, ""도시어부신시가지점""을 추천합니다!",미확인,False,True,효자5동
864770,바다꽃게탕,전북특별자치도 전주시 완산구 홍산북로 45-20,전북특별자치도 전주시 완산구 효자동3가 1527-17,35.8181594,127.1073432,063-222-4288,게요리,,"전라북도 전주시에서 가 볼 만한 식당을 찾으신다면? ""바다꽃게탕""을 추천합니다!",미확인,False,True,효자5동
865619,오스트랄로피테쿠스,전북특별자치도 전주시 완산구 홍산북로 69-9,전북특별자치도 전주시 완산구 효자동3가 1528-12,35.8181569,127.1099832,063-224-0916,카페,,"전라북도 전주시에서 어디를 갈지 고민이라면! ""오스트랄로피테쿠스""에 가보시는 건 어떨까요?",미확인,False,True,효자5동
865283,신천포차,전북특별자치도 전주시 완산구 신촌3길 2-3,전북특별자치도 전주시 완산구 중화산동2가 779-7,35.81727,127.1177314,,포장마차,,"""신천포차""를 전라북도 전주시의 가 볼 만한 식당으로 추천합니다!",미확인,False,True,중화산2동
864556,노매딕 브루잉 비어가든,전북특별자치도 전주시 완산구 향교길 57,전북특별자치도 전주시 완산구 교동 110-1,35.8119183,127.1526782,063-288-2298,술집,,"무엇을 먹을지 고민되신다고요? 전라북도 전주시에 계시다면 ""노매딕 브루잉 비어가든""을 추천합니다!",미확인,False,True,풍남동
864889,JANG NGO COFFEE&CAFE,전북특별자치도 전주시 완산구 산월2길 12,전북특별자치도 전주시 완산구 중화산동2가 634-7 신세계카마스터,35.8142761,127.1218278,063-901-3132,카페,,"전라북도 전주시에서 어디를 갈지 고민이라면! ""JANG NGO COFFEE&CAFE""에 가보시는 건 어떨까요?",미확인,False,True,중화산2동
864792,네네치킨 삼천점,전북특별자치도 전주시 완산구 거마남로 58,전북특별자치도 전주시 완산구 삼천동1가 666-2,35.7950439,127.1231154,063-224-4452,,,"전라북도 전주시에 가신다면 ""네네치킨 삼천점""에 방문해보세요~",미확인,False,True,삼천2동
865292,온고을회포차,전북특별자치도 전주시 완산구 따박골5길 60-3,전북특별자치도 전주시 완산구 중화산동2가 536-7,35.8113282,127.1273761,063-288-1777,포장마차,,"무엇을 먹을지 고민되신다고요? 전라북도 전주시에 계시다면 ""온고을회포차""를 추천합니다!",미확인,False,True,중화산1동
864940,피자파는집송천점,전북특별자치도 전주시 덕진구 두간5길 9(1층 일부호 송천동1가),전북특별자치도 전주시 덕진구 송천동1가 819-1,35.8645226,127.1181062,063-271-6400,피자,,"전라북도 전주시에서 어디를 갈지 고민이라면! ""피자파는집송천점""에 가보시는 건 어떨까요?",미확인,False,True,송천2동
865632,체리쉬온니,전북특별자치도 전주시 완산구 전주객사3길 12-12,전북특별자치도 전주시 완산구 중앙동2가 28,35.8179151,127.1431946,063-232-5661,카페,,"""체리쉬온니""를 전라북도 전주시의 가 볼 만한 식당으로 추천합니다!",미확인,False,True,중앙동
864857,늘솜,전북특별자치도 전주시 완산구 산월2길 30,전북특별자치도 전주시 완산구 중화산동2가 635-8,35.8141864,127.1198739,063-222-2016,한식,,"전라북도 전주시에 가신다면 ""늘솜""에 방문해보세요~",미확인,False,True,중화산2동
865544,맥주특별시 ,전북특별자치도 전주시 완산구 용리로 30,전북특별자치도 전주시 완산구 삼천동1가 284-32,35.7983341,127.1128952,070-4647-4639,,,"""맥주특별시 ""는 전라북도 전주시에 있습니다.",미확인,False,True,삼천3동
864520,만년닭강정,전북특별자치도 전주시 완산구 태조로 27,전북특별자치도 전주시 완산구 교동 70-5,35.8143692,127.1518421,063-287-1900,닭강정,,"""만년닭강정""은 전라북도 전주시에 있습니다.",미확인,False,True,풍남동
865543,마법의오븐,전북특별자치도 전주시 완산구 문학대4길 31 1층상가,전북특별자치도 전주시 완산구 효자동3가 1616-7,35.8268991,127.1052579,063-221-0771,카페,,"""마법의오븐""은 전라북도 전주시에 있습니다.",미확인,False,True,효자5동
865531,촌&#39;s 왕갈비,전북특별자치도 전주시 완산구 용리로 36,전북특별자치도 전주시 완산구 삼천동1가 443,35.7984796,127.113808,063-228-1166,,,"무엇을 먹을지 고민되신다고요? 전라북도 전주시에 계시다면 ""촌&#39;s 왕갈비""를 추천합니다!",미확인,False,True,삼천3동
864506,1723,전북특별자치도 전주시 완산구 오목대길 83,전북특별자치도 전주시 완산구 교동 98-2,35.812708,127.1517088,063-288-1723,카페,,"어디 가야 할지 고민이시라고요? 그럼 전라북도 전주시 맛집, ""1723""을 추천합니다!",미확인,False,True,풍남동
865476,미쳐버린파닭 전북대점,전북특별자치도 전주시 덕진구 명륜3길 22,전북특별자치도 전주시 덕진구 금암동 1312-28,35.8424511,127.1287581,063-275-9925,,,"전라북도 전주시에서 식당을 찾으신다면? ""미쳐버린파닭 전북대점""을 방문해보세요!",미확인,False,True,덕진동
865838,김밥천국 터미널점,전북특별자치도 전주시 덕진구 가리내로 30,전북특별자치도 전주시 덕진구 금암동 796-5 전주시외버스공용미널,35.8344331,127.1326898,063-253-9435,김밥,,"""김밥천국 터미널점""은 전라북도 전주시에 있습니다.",미확인,False,True,금암1동
864994,맘스케익앤커피,전북특별자치도 전주시 덕진구 솔내로 108,전북특별자치도 전주시 덕진구 송천동1가 137-3,35.8596482,127.1268079,050-7148-2301,카페,,"전라북도 전주시에서 어디를 갈지 고민이라면! ""맘스케익앤커피""에 가보시는 건 어떨까요?",미확인,False,True,송천1동
864987,화이트 커피,,전북특별자치도 전주시 덕진구 금암동 754-12,35.8371021,127.1310602,,카페,,"전라북도 전주시에서 어디를 갈지 고민이라면! ""화이트 커피""에 가보시는 건 어떨까요?",미확인,False,True,금암1동
864531,진짜문어꼬치,전북특별자치도 전주시 완산구 태조로 22,전북특별자치도 전주시 완산구 풍남동3가 65-1 문자향,35.8148475,127.1522542,,음식점,,"""진짜문어꼬치""를 전라북도 전주시의 가 볼 만한 식당으로 추천합니다!",미확인,False,True,풍남동
864777,피자마루,전북특별자치도 전주시 덕진구 가재미4길 16,전북특별자치도 전주시 덕진구 인후동1가 885-1,35.829707,127.163779,063-243-1082,피자,,"어디 가야 할지 고민이시라고요? 그럼 전라북도 전주시 맛집, ""피자마루""를 추천합니다!",미확인,False,True,인후3동
864973,행복식당수라간갈비,전북특별자치도 전주시 덕진구 동부대로 1145 2층,전북특별자치도 전주시 덕진구 송천동2가 454-1,35.8693946,127.1218026,063-237-0292,,,"무엇을 먹을지 고민되신다고요? 전라북도 전주시에 계시다면 ""행복식당수라간갈비""를 추천합니다!",미확인,False,True,송천1동
865582,퓨전참치,전북특별자치도 전주시 완산구 중산8길 15-9,전북특별자치도 전주시 완산구 중화산동2가 599-2,35.8183021,127.1217594,063-283-8255,음식점,,"전라북도 전주시에 가신다면 ""퓨전참치""에 방문해보세요~",미확인,False,True,중화산2동
865569,에노테카브리지,전북특별자치도 전주시 완산구 전주객사1길 46-11,전북특별자치도 전주시 완산구 다가동4가 89-4,35.8186786,127.1396068,,와인,,"어디 가야 할지 고민이시라고요? 그럼 전라북도 전주시 맛집, ""에노테카브리지""를 추천합니다!",미확인,False,True,중앙동
865681,더쌍화커피 전주시점,전북특별자치도 전주시 완산구 전라감영로 42-2,전북특별자치도 전주시 완산구 중앙동4가 31-4,35.8151969,127.14424,,카페,,"전라북도 전주시에서 맛집을 찾으신다면 ""더쌍화커피 전주시점""을 추천합니다.",미확인,False,True,중앙동
865563,던킨도너츠 전주고속터미널점,전북특별자치도 전주시 덕진구 전주천동로 469 1층,전북특별자치도 전주시 덕진구 금암동 768-7,35.8351706,127.1280732,063-273-2871,,,"무엇을 먹을지 고민되신다고요? 전라북도 전주시에 계시다면 ""던킨도너츠 전주고속터미널점""을 추천합니다!",미확인,False,True,금암1동
865831,네오다닭강정,전북특별자치도 전주시 덕진구 명륜4길 8,전북특별자치도 전주시 덕진구 덕진동1가 1266-1,35.8426405,127.1265289,,닭강정,,"전라북도 전주시에서 어디를 갈지 고민이라면! ""네오다닭강정""에 가보시는 건 어떨까요?",미확인,False,True,덕진동
865120,A-CAFE 아카페,전북특별자치도 전주시 완산구 따박골6길 41,전북특별자치도 전주시 완산구 중화산동2가 550-1,35.8102927,127.1281654,,카페,,"전라북도 전주시에서 맛집을 찾으신다면 ""A-CAFE 아카페""를 추천합니다.",미확인,False,True,중화산1동
865060,남문새싹막회,전북특별자치도 전주시 완산구 풍남문2길 73,전북특별자치도 전주시 완산구 전동3가 142-1,35.8128542,127.1453089,063-287-0859,생선회,,"전라북도 전주시에 가신다면 ""남문새싹막회""에 방문해보세요~",미확인,False,True,풍남동
865015,모리텐동,전북특별자치도 전주시 덕진구 오송1길 37-5,전북특별자치도 전주시 덕진구 송천동1가 98,35.8632327,127.1305801,063-251-2257,,,"전라북도 전주시에 가신다면 ""모리텐동""에 방문해보세요~",미확인,False,True,송천1동
864976,즐거운심야식당 송천점,전북특별자치도 전주시 덕진구 붓내3길 6 1층 103호,전북특별자치도 전주시 덕진구 송천동2가 523-7 두레박콩나물국밥,35.8665119,127.1220806,063-252-0728,한식,,"""즐거운심야식당 송천점""은 전라북도 전주시에 있습니다.",미확인,False,True,송천1동
864652,무지개 맥주 전북대점,전북특별자치도 전주시 덕진구 명륜4길 21-2,전북특별자치도 전주시 덕진구 덕진동1가 1312-59,35.8440422,127.1266928,070-8210-5331,,,"""무지개 맥주 전북대점""은 전라북도 전주시에 있습니다.",미확인,False,True,덕진동
864849,카페볼수록,전북특별자치도 전주시 완산구 중산2길 2,전북특별자치도 전주시 완산구 중화산동2가 634,35.814352,127.1205852,063-901-1755,카페,,"""카페볼수록""을 전라북도 전주시의 가 볼 만한 식당으로 추천합니다!",미확인,False,True,중화산2동
865005,강경원달인만두가 송천점,전북특별자치도 전주시 덕진구 송천중앙로 149,전북특별자치도 전주시 덕진구 송천동1가 481-6,35.8601806,127.1209783,,만두,,"""강경원달인만두가 송천점""을 전라북도 전주시의 가 볼 만한 식당으로 추천합니다!",미확인,False,True,송천2동
865795,밀의온도,전북특별자치도 전주시 완산구 전룡로 134 101호,전북특별자치도 전주시 완산구 서신동 852-1,35.8258062,127.113532,063-277-0404,카페,,"전라북도 전주시에서 가 볼 만한 식당을 찾으신다면? ""밀의온도""를 추천합니다!",미확인,False,True,서신동
864706,듀디,전북특별자치도 전주시 완산구 삼천천변3길 42,전북특별자치도 전주시 완산구 삼천동1가 433-30 DUDI,35.7979161,127.114449,,카페,,"무엇을 먹을지 고민되신다고요? 전라북도 전주시에 계시다면 ""듀디""를 추천합니다!",미확인,False,True,삼천3동
865796,이백장돈가스 전주 서신점,전북특별자치도 전주시 완산구 전룡로 120 1층,전북특별자치도 전주시 완산구 서신동 6-29,35.8288764,127.1258215,063-271-2023,,,"전라북도 전주시에 가신다면 ""이백장돈가스 전주 서신점""에 방문해보세요~",미확인,False,True,서신동
864998,샤브반,"전북특별자치도 전주시 덕진구 송천중앙로 12(1,2층)","전북특별자치도 전주시 덕진구 덕진동2가 192-1 (1,2층)",35.8480597,127.1186522,,샤브샤브,,"""샤브반""은 전라북도 전주시에 있습니다.",미확인,False,True,덕진동
864778,파리바게트 ,전북특별자치도 전주시 덕진구 오정1길 101호,전북특별자치도 전주시 덕진구 중동 780-1,35.8358942,127.0604383,063-221-8242,베이커리,,"전라북도 전주시에서 맛집을 찾으신다면 ""파리바게트 ""를 추천합니다.",미확인,False,True,혁신동
864716,송천피순대,전북특별자치도 전주시 덕진구 송천중앙로 91,전북특별자치도 전주시 덕진구 송천동1가 378-9,35.8551798,127.1197643,063-274-1475,순대,,"전라북도 전주시에서 가 볼 만한 식당을 찾으신다면? ""송천피순대""를 추천합니다!",미확인,False,True,송천2동
864905,황제처럼,전북특별자치도 전주시 덕진구 한배미3길 24,전북특별자치도 전주시 덕진구 인후동1가 930-20,35.8246617,127.1642077,063-247-9277,,,"""황제처럼""은 전라북도 전주시에 있습니다.",미확인,False,True,인후3동
864944,마선생마약국밥,전북특별자치도 전주시 완산구 중산9길 3-8,전북특별자치도 전주시 완산구 중화산동2가 608-3,35.8180795,127.1197165,063-715-4321,국밥,,"전라북도 전주시에서 맛집을 찾으신다면 ""마선생마약국밥""을 추천합니다.",미확인,False,True,중화산2동
864725,행복한찹쌀꽈배기 송천점,전북특별자치도 전주시 덕진구 송천로 39 1층 상가,전북특별자치도 전주시 덕진구 송천동1가 347,35.8567206,127.1183652,050-7135-0697,,,"무엇을 먹을지 고민되신다고요? 전라북도 전주시에 계시다면 ""행복한찹쌀꽈배기 송천점""을 추천합니다!",미확인,False,True,송천2동
864745,돈갓,전북특별자치도 전주시 덕진구 솔내로 129 106호,전북특별자치도 전주시 덕진구 송천동1가 251,35.8526191,127.12216,063-276-8959,,,"전라북도 전주시에서 가 볼 만한 식당을 찾으신다면? ""돈갓""을 추천합니다!",미확인,False,True,송천1동
864644,남원복추어탕 순대국밥,전북특별자치도 전주시 덕진구 기린대로 400-8,전북특별자치도 전주시 덕진구 금암동 720-35,35.8380203,127.1328375,063-272-9898,추어탕,,"무엇을 먹을지 고민되신다고요? 전라북도 전주시에 계시다면 ""남원복추어탕 순대국밥""을 추천합니다!",미확인,False,True,금암1동
51209,59피자 59쌀피자 전주송천1호점,전북특별자치도 전주시 덕진구 붓내3길 34,전북특별자치도 전주시 덕진구 송천동2가 233-1,35.8665583,127.125075,050-4054-4597,피자,,"전라북도 전주시에서 가 볼 만한 식당을 찾으신다면? ""59피자 59쌀피자 전주송천1호점""을 추천합니다!",미확인,False,True,송천1동
704158,BHC치킨 전주서부시장점,전북특별자치도 전주시 완산구 효동3길 28,전북특별자치도 전주시 완산구 효자동1가 101-5,35.8041246,127.1293128,063-236-7474,치킨,,"""BHC치킨 전주서부시장점""을 전라북도 전주시의 가 볼 만한 식당으로 추천합니다!",미확인,False,True,효자1동
105596,맥주마트,전북특별자치도 전주시 덕진구 명륜3길 14 지하 1층 맥주마트,전북특별자치도 전주시 덕진구 덕진동1가  1264-5,35.8424009,127.1277849,063-251-5622,맥주,,"전라북도 전주시에서 맛집을 찾으신다면 ""맥주마트""를 추천합니다.",미확인,False,True,덕진동
104771,크라운호프 전주송천1가점,전북특별자치도 전주시 덕진구 두간로 29,전북특별자치도 전주시 덕진구 송천동1가 804-4,35.8654914,127.1177655,,맥주,,"전라북도 전주시에서 식당을 찾으신다면? ""크라운호프 전주송천1가점""을 방문해보세요!",미확인,False,True,송천2동
103088,카페온에어,,전북특별자치도 전주시 완산구 효자동3가 1629-1,35.8218387,127.1050466,063-270-7158,카페,,"""카페온에어""를 전라북도 전주시의 가 볼 만한 식당으로 추천합니다!",미확인,False,True,효자5동
92276,라리코,전북특별자치도 전주시 완산구 홍산로 160-3 현우빌딩 4층 라리코,전북특별자치도 전주시 완산구 효자동2가 1332-1,35.8081665,127.1051227,063-227-9249,뷔페,,"전라북도 전주시에서 어디를 갈지 고민이라면! ""라리코""에 가보시는 건 어떨까요?",미확인,False,True,효자4동
526839,커피 브레드,전북특별자치도 전주시 덕진구 시천로 68,전북특별자치도 전주시 덕진구 송천동1가 832-1,35.8652312,127.1147421,,카페,,"""커피 브레드""는 전라북도 전주시에 있습니다.",미확인,False,True,송천2동
525899,정집,전북특별자치도 전주시 완산구 태평3길 74-9,전북특별자치도 전주시 완산구 태평동 8-55,35.8256601,127.1420516,,한식,,"어디 가야 할지 고민이시라고요? 그럼 전라북도 전주시 맛집, ""정집""을 추천합니다!",미확인,False,True,중앙동
519935,교동육전,전북특별자치도 전주시 완산구 태조로 25,전북특별자치도 전주시 완산구 교동 70-6,35.8144184,127.1520195,,한식,,"전라북도 전주시에 가신다면 ""교동육전""에 방문해보세요~",미확인,False,True,풍남동
519836,차칸다방,"전북특별자치도 전주시 완산구 풍남문2길 63 63호, 64호",전북특별자치도 전주시 완산구 전동3가 2-242,35.8124196,127.1466133,,카페,,"""차칸다방""을 전라북도 전주시의 가 볼 만한 식당으로 추천합니다!",미확인,False,True,풍남동
518766,남노갈비 하가점,전북특별자치도 전주시 덕진구 가리내10길 12-5,전북특별자치도 전주시 덕진구 덕진동2가 677-4,35.8423937,127.1102642,063-237-2372,육류,,"전라북도 전주시에서 가 볼 만한 식당을 찾으신다면? ""남노갈비 하가점""을 추천합니다!",미확인,False,True,덕진동
560752,옴팡집,전북특별자치도 전주시 덕진구 창포길 37,전북특별자치도 전주시 덕진구 덕진동1가 산40-6,35.8504555,127.1220739,063-275-6267,한식,,"어디 가야 할지 고민이시라고요? 그럼 전라북도 전주시 맛집, ""옴팡집""을 추천합니다!",미확인,False,True,덕진동
517395,시즌테이블,전북특별자치도 전주시 완산구 전주객사2길 74-3 1층 시즌테이블,전북특별자치도 전주시 완산구 고사동 333,35.8201955,127.140084,063-277-7780,이탈리아음식,,"어디 가야 할지 고민이시라고요? 그럼 전라북도 전주시 맛집, ""시즌테이블""을 추천합니다!",미확인,False,True,중앙동
505973,심선예다원,전북특별자치도 전주시 완산구 전주천동로 306,전북특별자치도 전주시 완산구 태평동 116-5,35.8223272,127.1347531,063-231-6178,,,"전라북도 전주시에서 어디를 갈지 고민이라면! ""심선예다원""에 가보시는 건 어떨까요?",미확인,False,True,중앙동
82070,고메드,전북특별자치도 전주시 덕진구 명륜2길 16-5,전북특별자치도 전주시 덕진구 덕진동1가 1314-191,35.8417131,127.1291733,,카페,,"무엇을 먹을지 고민되신다고요? 전라북도 전주시에 계시다면 ""고메드""를 추천합니다!",미확인,False,True,덕진동
489776,ONEUL CAFE,전북특별자치도 전주시 완산구 홍산1길 21,전북특별자치도 전주시 완산구 효자동2가 1157-1 ,35.8142764,127.1074715,063-221-2714,카페,,"전라북도 전주시에서 맛집을 찾으신다면 ""ONEUL CAFE""을 추천합니다.",미확인,False,True,효자5동
28690,미미마라,전북특별자치도 전주시 완산구 풍남문2길 53 남부시장 2층 청년몰,전북특별자치도 전주시 완산구 전동 303-181,35.8121611,127.1473519,070-8992-3014,중식,,"전라북도 전주시에서 맛집을 찾으신다면 ""미미마라""를 추천합니다.",미확인,False,True,풍남동
481732,구쁘다,전북특별자치도 전주시 완산구 풍남문2길 53 2층,전북특별자치도 전주시 완산구 전동 303-181,35.8121611,127.1473519,,카페,,"전라북도 전주시에서 어디를 갈지 고민이라면! ""구쁘다""에 가보시는 건 어떨까요?",미확인,False,True,풍남동
28267,디에떼에스프레소 전주송천2호점,전북특별자치도 전주시 덕진구 시천로 52,전북특별자치도 전주시 덕진구 송천동1가 833-4,35.8639809,127.1146472,063-272-1971,카페,,"전라북도 전주시에 가신다면 ""디에떼에스프레소 전주송천2호점""에 방문해보세요~",미확인,False,True,송천2동
464069,원조중앙찹쌀호떡,전북특별자치도 전주시 완산구 태평5길 49,전북특별자치도 전주시 완산구 태평동 39-2,35.8248467,127.1432944,063-274-8476,,,"어디 가야 할지 고민이시라고요? 그럼 전라북도 전주시 맛집, ""원조중앙찹쌀호떡""을 추천합니다!",미확인,False,True,노송동
49554,caffe THERA 카페 테라,,전북특별자치도 전주시 완산구 효자동2가 845-1,35.7983906,127.0922029,063-223-4604,카페,,"무엇을 먹을지 고민되신다고요? 전라북도 전주시에 계시다면 ""caffe THERA 카페 테라""를 추천합니다!",미확인,False,True,효자4동
48967,루시가토효자몰점,전북특별자치도 전주시 완산구 용머리로 45 2층,전북특별자치도 전주시 완산구 효자동1가 434,35.806925,127.1155722,070-7753-7500,베이커리,,"""루시가토효자몰점""을 전라북도 전주시의 가 볼 만한 식당으로 추천합니다!",미확인,False,True,효자3동
85812,고래술상,전북특별자치도 전주시 완산구 전주객사1길 101,전북특별자치도 전주시 완산구 다가동4가 149-1,35.8207606,127.1379478,,술집,,"무엇을 먹을지 고민되신다고요? 전라북도 전주시에 계시다면 ""고래술상""을 추천합니다!",미확인,False,True,중앙동
48928,BBQ 전주신도시점,전북특별자치도 전주시 완산구 봉곡로 118-1,전북특별자치도 전주시 완산구 효자동2가 1327-4,35.810761,127.1066681,063-222-6282,치킨,,"전라북도 전주시에 가신다면 ""BBQ 전주신도시점""에 방문해보세요~",미확인,False,True,효자4동
570928,돈팡돈까스,전북특별자치도 전주시 덕진구 용소로 68,전북특별자치도 전주시 덕진구 송천동1가 835-4,35.8633404,127.1156274,063-251-4525,돈가스,,"전라북도 전주시에서 맛집을 찾으신다면 ""돈팡돈까스""를 추천합니다.",미확인,False,True,송천2동
107709,인생막장,전북특별자치도 전주시 완산구 충경로 66-6,전북특별자치도 전주시 완산구 경원동1가 91,35.8180059,127.146384,,술집,,"""인생막장""은 전라북도 전주시에 있습니다.",미확인,False,True,중앙동
727801,BHC치킨 전주송천2호점,전북특별자치도 전주시 덕진구 오송1길 37-13,전북특별자치도 전주시 덕진구 송천동1가 97-6,35.8638283,127.1308113,050-7964-0903,치킨,,"전라북도 전주시에서 맛집을 찾으신다면 ""BHC치킨 전주송천2호점""을 추천합니다.",미확인,False,True,송천1동
726410,옛날시골통닭(중앙시장점),전북특별자치도 전주시 완산구 태평2길 16-34,전북특별자치도 전주시 완산구 태평동 61-61,35.82325,127.1411248,063-255-8292,치킨,,"전라북도 전주시에 가신다면 ""옛날시골통닭(중앙시장점)""에 방문해보세요~",미확인,False,True,중앙동
716029,전주비빔소리,전북특별자치도 전주시 덕진구 건지산로 53-3,전북특별자치도 전주시 덕진구 덕진동1가 88-21,35.8551412,127.1361736,063-253-2589,한식,,"어디 가야 할지 고민이시라고요? 그럼 전라북도 전주시 맛집, ""전주비빔소리""를 추천합니다!",미확인,False,True,덕진동
223607,썬더치킨 전북대본점,전북특별자치도 전주시 덕진구 명륜5길 17,전북특별자치도 전주시 덕진구 덕진동1가 1314-203,35.8442103,127.1257862,063-909-9299,치킨,,"무엇을 먹을지 고민되신다고요? 전라북도 전주시에 계시다면 ""썬더치킨 전북대본점""을 추천합니다!",미확인,False,True,덕진동
122398,빅원치킨 전주서신점,전북특별자치도 전주시 완산구 서곡6길 4-2,전북특별자치도 전주시 완산구 효자동3가 1419-2,35.8365212,127.1025678,063-275-9289,치킨,,"전라북도 전주시에서 어디를 갈지 고민이라면! ""빅원치킨 전주서신점""에 가보시는 건 어떨까요?",미확인,False,True,효자5동
686531,문꼬치,전북특별자치도 전주시 완산구 태조로 37,전북특별자치도 전주시 완산구 교동 274-1,35.8140985,127.1505939,,오뎅,,"전라북도 전주시에서 식당을 찾으신다면? ""문꼬치""를 방문해보세요!",미확인,False,True,풍남동
680844,고사바베큐객사본점,전북특별자치도 전주시 완산구 전주객사2길 14,전북특별자치도 전주시 완산구 고사동 450-6,35.8174874,127.1411574,,족발,,"전라북도 전주시에서 어디를 갈지 고민이라면! ""고사바베큐객사본점""에 가보시는 건 어떨까요?",미확인,False,True,중앙동
676635,제일한우정육식당,전북특별자치도 전주시 완산구 홍산남로 20,전북특별자치도 전주시 완산구 효자동2가 1242-4,35.8156399,127.1039923,063-229-2360,육류,,"전라북도 전주시에서 가 볼 만한 식당을 찾으신다면? ""제일한우정육식당""을 추천합니다!",미확인,False,True,효자5동
658818,육회한남자들의달달한밤,전북특별자치도 전주시 완산구 홍산남로 73 1층,전북특별자치도 전주시 완산구 효자동3가 1539-2,35.8161325,127.1100451,063-229-5355,술집,,"무엇을 먹을지 고민되신다고요? 전라북도 전주시에 계시다면 ""육회한남자들의달달한밤""을 추천합니다!",미확인,False,True,효자5동
574549,BMW가맥,전북특별자치도 전주시 덕진구 덕진연못2길 9,전북특별자치도 전주시 덕진구 덕진동1가 1341-1,35.8459291,127.1223115,,맥주,,"""BMW가맥""을 전라북도 전주시의 가 볼 만한 식당으로 추천합니다!",미확인,False,True,덕진동
117659,풍년제과,전북특별자치도 전주시 덕진구 솔내로 142,전북특별자치도 전주시 덕진구 송천동1가 101-3,35.8629364,127.1270356,063-255-6005,베이커리,,"전라북도 전주시에서 식당을 찾으신다면? ""풍년제과""를 방문해보세요!",미확인,False,True,송천1동
112631,공수간 전주덕진점,전북특별자치도 전주시 덕진구 가련산로 25,전북특별자치도 전주시 덕진구 덕진동2가 681-4,35.8420952,127.1111387,050-7129-4812,분식,,"전라북도 전주시에서 가 볼 만한 식당을 찾으신다면? ""공수간 전주덕진점""을 추천합니다!",미확인,False,True,덕진동
628775,바 차가운새벽,전북특별자치도 전주시 완산구 풍남문2길 53 남부시장,전북특별자치도 전주시 완산구 전동3가 2-241,35.8122065,127.1472148,,술집,,"어디 가야 할지 고민이시라고요? 그럼 전라북도 전주시 맛집, ""바 차가운새벽""을 추천합니다!",미확인,False,True,풍남동
624872,와바 전주송천점,전북특별자치도 전주시 덕진구 두간로 16,전북특별자치도 전주시 덕진구 송천동1가 824-2,35.8651883,127.1162332,063-275-0999,맥주,,"전라북도 전주시에 가신다면 ""와바 전주송천점""에 방문해보세요~",미확인,False,True,송천2동
112337,이삭토스트 전주신시가지점,전북특별자치도 전주시 완산구 우전로 210,전북특별자치도 전주시 완산구 효자동2가 1256-1,35.8131329,127.1020735,063-221-2421,분식,,"""이삭토스트 전주신시가지점""은 전라북도 전주시에 있습니다.",미확인,False,True,효자4동
109813,오빠돼지,전북특별자치도 전주시 완산구 척동7길 6-2,전북특별자치도 전주시 완산구 효자동3가 1637-10,35.8237179,127.0995592,063-223-0524,분식,,"전라북도 전주시에서 맛집을 찾으신다면 ""오빠돼지""를 추천합니다.",미확인,False,True,효자5동
108370,자갈치식당 완산점,전북특별자치도 전주시 완산구 척동3길 3,전북특별자치도 전주시 완산구 효자동3가 1663-1,35.8222348,127.0995308,063-223-3082,해물,,"무엇을 먹을지 고민되신다고요? 전라북도 전주시에 계시다면 ""자갈치식당 완산점""을 추천합니다!",미확인,False,True,효자5동
596456,멕시카나치킨 송천1점,,전북특별자치도 전주시 덕진구 송천동1가 111-15,35.861154,127.114056,063-255-9979,치킨,,"어디 가야 할지 고민이시라고요? 그럼 전라북도 전주시 맛집, ""멕시카나치킨 송천1점""을 추천합니다!",미확인,False,True,송천2동
586882,한가득순대국밥집,,전북특별자치도 전주시 완산구 전동 303-11,35.8130796,127.1469862,063-232-4560,국밥,,"전라북도 전주시에서 가 볼 만한 식당을 찾으신다면? ""한가득순대국밥집""을 추천합니다!",미확인,False,True,풍남동
579795,파리바게뜨 전주북일점,전북특별자치도 전주시 덕진구 안골4길 4,전북특별자치도 전주시 덕진구 인후동1가 755-10,35.8412717,127.1551205,063-243-4089,베이커리,,"전라북도 전주시에서 어디를 갈지 고민이라면! ""파리바게뜨 전주북일점""에 가보시는 건 어떨까요?",미확인,False,True,인후1동
647949,꼬지따뽕,전북특별자치도 전주시 완산구 자만동1길 1-8,전북특별자치도 전주시 완산구 교동 50-86,35.8141174,127.1573375,063-288-2277,카페,,"전라북도 전주시에 가신다면 ""꼬지따뽕""에 방문해보세요~",미확인,False,True,풍남동
446622,몽e집콩나물국밥본점,전북특별자치도 전주시 덕진구 솔내로 173-10,전북특별자치도 전주시 덕진구 송천동2가 224-1,35.8660692,127.1263709,,국밥,,"전라북도 전주시에서 맛집을 찾으신다면 ""몽e집콩나물국밥본점""을 추천합니다.",미확인,False,True,송천1동
446472,커피의 온도,전북특별자치도 전주시 덕진구 솔내7길 5 1층,전북특별자치도 전주시 덕진구 송천동1가 478-8,35.8599164,127.1218874,063-271-7776,카페,,"전라북도 전주시에서 어디를 갈지 고민이라면! ""커피의 온도""에 가보시는 건 어떨까요?",미확인,False,True,송천1동
46473,닭갈비제작소 전주효자점,전북특별자치도 전주시 완산구 쑥고개로 315 호화빌딩 2층,전북특별자치도 전주시 완산구 효자동2가 1214-4,35.8024612,127.0995649,063-231-6600,닭갈비,,"전라북도 전주시에서 어디를 갈지 고민이라면! ""닭갈비제작소 전주효자점""에 가보시는 건 어떨까요?",미확인,False,True,효자4동
32799,카페플리츠,전북특별자치도 전주시 완산구 전라감영2길 9,전북특별자치도 전주시 완산구 다가동1가 47-2,35.8152363,127.1422067,,카페,,"무엇을 먹을지 고민되신다고요? 전라북도 전주시에 계시다면 ""카페플리츠""를 추천합니다!",미확인,False,True,중앙동
368440,소리마당,전북특별자치도 전주시 덕진구 건지산로 53-1,전북특별자치도 전주시 덕진구 덕진동1가 88-22,35.8548987,127.1361625,063-277-1869,술집,,"전라북도 전주시에서 가 볼 만한 식당을 찾으신다면? ""소리마당""을 추천합니다!",미확인,False,True,덕진동
363277,전북대학교병원 푸드코트,전북특별자치도 전주시 덕진구 건지로 20,전북특별자치도 전주시 덕진구 금암동 634-18,35.8468571,127.14125,070-7545-8117,푸드코트,,"전라북도 전주시에 가신다면 ""전북대학교병원 푸드코트""에 방문해보세요~",미확인,False,True,금암2동
351569,중앙분식,전북특별자치도 전주시 완산구 전라감영5길 17-36,전북특별자치도 전주시 완산구 중앙동3가 30,35.8171174,127.1451912,063-232-4259,분식,,"""중앙분식""은 전라북도 전주시에 있습니다.",미확인,False,True,중앙동
349962,대박수퍼휴게실,전북특별자치도 전주시 완산구 거마평로 198,전북특별자치도 전주시 완산구 효자동1가 622-12,35.8099911,127.1153496,063-225-5204,한식,,"전라북도 전주시에 가신다면 ""대박수퍼휴게실""에 방문해보세요~",미확인,False,True,효자2동
342586,그남자네,전북특별자치도 전주시 완산구 풍남문2길 55 그남자네 막창,전북특별자치도 전주시 완산구 전동3가 2,35.8126775,127.1462699,,"곱창,막창,양",,"전라북도 전주시에서 어디를 갈지 고민이라면! ""그남자네""에 가보시는 건 어떨까요?",미확인,False,True,풍남동
32004,보리 먹은 한우,전북특별자치도 전주시 덕진구 두간2길 3-4,전북특별자치도 전주시 덕진구 송천동1가 808-7,35.8656857,127.1206652,063-276-6700,소고기구이,,"""보리 먹은 한우""는 전라북도 전주시에 있습니다.",미확인,False,True,송천2동
334621,로얄자카르타 전북대점,전북특별자치도 전주시 덕진구 명륜3길 16 1층 로얄자카르타 전북대점,전북특별자치도 전주시 덕진구 덕진동1가 1264-25,35.8425185,127.1278729,063-251-8932,맥주,,"무엇을 먹을지 고민되신다고요? 전라북도 전주시에 계시다면 ""로얄자카르타 전북대점""을 추천합니다!",미확인,False,True,덕진동
310527,카페브리즈,전북특별자치도 전주시 완산구 전동성당길 66,전북특별자치도 전주시 완산구 전동 16-2,35.8160064,127.1487581,063-232-5501,카페,,"어디 가야 할지 고민이시라고요? 그럼 전라북도 전주시 맛집, ""카페브리즈""를 추천합니다!",미확인,False,True,풍남동
368562,커피(COFFEE)상상,전북특별자치도 전주시 덕진구 소리로 31,전북특별자치도 전주시 덕진구 덕진동1가 산1-1,35.8552788,127.1376777,063-277-3383,카페,,"무엇을 먹을지 고민되신다고요? 전라북도 전주시에 계시다면 ""커피(COFFEE)상상""를 추천합니다!",미확인,False,True,덕진동
299292,TIPTAP,전북특별자치도 전주시 덕진구 들사평1길 46,전북특별자치도 전주시 덕진구 덕진동1가 1439-23,35.8369491,127.1232886,070-7867-1269,카페,,"어디 가야 할지 고민이시라고요? 그럼 전라북도 전주시 맛집, ""TIPTAP""을 추천합니다!",미확인,False,True,덕진동
286744,탕수리아,전북특별자치도 전주시 완산구 신봉2길 2,전북특별자치도 전주시 완산구 효자동1가 618-1,35.8106628,127.1184818,063-226-0809,중식,,"전라북도 전주시에서 맛집을 찾으신다면 ""탕수리아""를 추천합니다.",미확인,False,True,효자2동
278222,낙지클럽,전북특별자치도 전주시 완산구 홍산북로 83 코오롱스카이타워 상가 201호,전북특별자치도 전주시 완산구 효자동3가 1526-2,35.8183535,127.1113605,063-223-2330,낙지,,"전라북도 전주시에서 어디를 갈지 고민이라면! ""낙지클럽""에 가보시는 건 어떨까요?",미확인,False,True,효자5동
264062,호야이야기,전북특별자치도 전주시 덕진구 송천중앙로 100-2,전북특별자치도 전주시 덕진구 송천동1가 375-5,35.8557597,127.1205511,050-4307-6434,백반,,"""호야이야기""를 전라북도 전주시의 가 볼 만한 식당으로 추천합니다!",미확인,False,True,송천1동
246721,버무리떡볶이 전주효자점,전북특별자치도 전주시 완산구 호암로 19,전북특별자치도 전주시 완산구 효자동2가 1313-7,35.8092251,127.0967547,050-7987-5623,분식,,"어디 가야 할지 고민이시라고요? 그럼 전라북도 전주시 맛집, ""버무리떡볶이 전주효자점""을 추천합니다!",미확인,False,True,효자4동
5127,별란통갈비 앤 치킨,전북특별자치도 전주시 덕진구 송천1길 19,전북특별자치도 전주시 덕진구 송천동1가 403-1,35.8571637,127.1187803,063-272-9233,,,"""별란통갈비 앤 치킨""을 전라북도 전주시의 가 볼 만한 식당으로 추천합니다!",미확인,False,True,송천2동
233035,착한쭝식 전주전북대점,전북특별자치도 전주시 덕진구 송천중앙로 12,전북특별자치도 전주시 덕진구 덕진동2가 192-1,35.8483153,127.1187332,,중식,,"전라북도 전주시에서 어디를 갈지 고민이라면! ""착한쭝식 전주전북대점""에 가보시는 건 어떨까요?",미확인,False,True,덕진동
232007,Re돈까스,전북특별자치도 전주시 덕진구 명륜5길 20-1 2층,전북특별자치도 전주시 덕진구 덕진동1가 1312-42,35.8442893,127.1262815,070-4086-3715,돈가스,,"""Re돈까스""를 전라북도 전주시의 가 볼 만한 식당으로 추천합니다!",미확인,False,True,덕진동
230032,만나국수,전북특별자치도 전주시 완산구 전주객사4길 44-25,전북특별자치도 전주시 완산구 고사동  163-6,35.8204387,127.1441497,063-247-9775,국수,,"전라북도 전주시에서 식당을 찾으신다면? ""만나국수""를 방문해보세요!",미확인,False,True,중앙동
226784,한상코다리시래기조림,전북특별자치도 전주시 완산구 홍산남로 77 2층,전북특별자치도 전주시 완산구 효자동3가 1539-4,35.8160363,127.1104558,063-223-0116,한식,,"전라북도 전주시에서 식당을 찾으신다면? ""한상코다리시래기조림""을 방문해보세요!",미확인,False,True,효자5동
290817,원조남원추어탕,전북특별자치도 전주시 완산구 서곡5길 5-3,전북특별자치도 전주시 완산구 효자동3가 1416-12,35.8368473,127.1018981,063-273-2248,추어탕,,"전라북도 전주시에서 식당을 찾으신다면? ""원조남원추어탕""을 방문해보세요!",미확인,False,True,효자5동
34218,그린가맥,전북특별자치도 전주시 완산구 현무2길 34,전북특별자치도 전주시 완산구 경원동3가 168,35.8209996,127.1498522,,맥주,,"어디 가야 할지 고민이시라고요? 그럼 전라북도 전주시 맛집, ""그린가맥""을 추천합니다!",미확인,False,True,풍남동
34443,9413,전북특별자치도 전주시 완산구 풍남문3길 14 1층,전북특별자치도 전주시 완산구 전동 94-13,35.8145063,127.1474454,063-231-5991,양식,,"전라북도 전주시에서 어디를 갈지 고민이라면! ""9413""에 가보시는 건 어떨까요?",미확인,False,True,풍남동
371226,시골통닭가맥,전북특별자치도 전주시 덕진구 용소로 89,전북특별자치도 전주시 덕진구 송천동1가 819-8,35.8637332,127.1180946,063-275-0939,치킨,,"무엇을 먹을지 고민되신다고요? 전라북도 전주시에 계시다면 ""시골통닭가맥""을 추천합니다!",미확인,False,True,송천2동
43032,뫔컬러카페,전북특별자치도 전주시 완산구 충경로 18-3 뫔컬러카페,전북특별자치도 전주시 완산구 중앙동1가 36-7,35.8166077,127.1415888,063-232-2258,카페,,"전라북도 전주시에 가신다면 ""뫔컬러카페""에 방문해보세요~",미확인,False,True,중앙동
24075,본죽&비빔밥cafe 전북대점,전북특별자치도 전주시 덕진구 권삼득로 333 (덕진동1가) 103호,전북특별자치도 전주시 덕진구 덕진동1가 664-6,35.845103,127.1257865,063-271-6288,죽,,"""본죽&비빔밥cafe 전북대점""을 전라북도 전주시의 가 볼 만한 식당으로 추천합니다!",미확인,False,True,덕진동
427353,햇살치킨 송천2호점,전북특별자치도 전주시 덕진구 솔내로 149,전북특별자치도 전주시 덕진구 송천동1가 107-110,35.8635747,127.1267355,063-254-9966,치킨,,"무엇을 먹을지 고민되신다고요? 전라북도 전주시에 계시다면 ""햇살치킨 송천2호점""을 추천합니다!",미확인,False,True,송천1동
2999,비공식,전북특별자치도 전주시 완산구 전주객사1길 46-3 Brick Art Studio,전북특별자치도 전주시 완산구 다가동4가 90-6,35.818546,127.1393333,,일식,,"전라북도 전주시에서 식당을 찾으신다면? ""비공식""을 방문해보세요!",미확인,False,True,중앙동
1606,피자애 송천점,전북특별자치도 전주시 덕진구 솔내로 131,전북특별자치도 전주시 덕진구 송천동1가 116,35.8616487,127.126325,063-252-4141,피자,,"전라북도 전주시에서 식당을 찾으신다면? ""피자애 송천점""을 방문해보세요!",미확인,False,True,송천1동
402894,스타양곱창 객사점,전북특별자치도 전주시 완산구 전주객사2길 11,전북특별자치도 전주시 완산구 다가동3가 23-2,35.8172964,127.14098,063-232-9292,"곱창,막창,양",,"전라북도 전주시에서 어디를 갈지 고민이라면! ""스타양곱창 객사점""에 가보시는 건 어떨까요?",미확인,False,True,중앙동
62358,호맥,전북특별자치도 전주시 완산구 전주객사2길 71,전북특별자치도 전주시 완산구 다가동4가 57-3,35.8198308,127.1397893,063-285-5604,맥주,,"무엇을 먹을지 고민되신다고요? 전라북도 전주시에 계시다면 ""호맥""을 추천합니다!",미확인,False,True,중앙동
399819,짬뽕당,전북특별자치도 전주시 덕진구 명륜3길 14,전북특별자치도 전주시 덕진구 덕진동1가 1264-5,35.8424009,127.1277849,063-272-3793,한식,,"전라북도 전주시에 가신다면 ""짬뽕당""에 방문해보세요~",미확인,False,True,덕진동
398698,쏘울,전북특별자치도 전주시 완산구 홍산로 262 코아성우아르데코 114호,전북특별자치도 전주시 완산구 효자동3가 1531-1,35.8172262,127.106429,,카페,,"전라북도 전주시에서 식당을 찾으신다면? ""쏘울""을 방문해보세요!",미확인,False,True,효자5동
397659,착한커피,전북특별자치도 전주시 완산구 태조로 29,전북특별자치도 전주시 완산구 교동 71-4,35.8143668,127.151676,,카페,,"전라북도 전주시에서 맛집을 찾으신다면 ""착한커피""를 추천합니다.",미확인,False,True,풍남동
396817,BHC치킨 효자서곡점,전북특별자치도 전주시 완산구 유연로 217 1524-2 호반베르디움상가 108호,전북특별자치도 전주시 완산구 효자동3가 1524-2,35.8262439,127.1077159,063-225-0123,치킨,,"무엇을 먹을지 고민되신다고요? 전라북도 전주시에 계시다면 ""BHC치킨 효자서곡점""을 추천합니다!",미확인,False,True,효자5동
392103,더식,전북특별자치도 전주시 완산구 풍남문2길 53 남부시장 2층 청년몰 더식,전북특별자치도 전주시 완산구 전동 303-181,35.8122015,127.1472686,,분식,,"전라북도 전주시에서 식당을 찾으신다면? ""더식""을 방문해보세요!",미확인,False,True,풍남동
387259,21세기꿀호떡,전북특별자치도 전주시 완산구 충경로 87-1,전북특별자치도 전주시 완산구 경원동3가 73-3,35.8192815,127.1487562,063-286-3211,,,"전라북도 전주시에서 가 볼 만한 식당을 찾으신다면? ""21세기꿀호떡""을 추천합니다!",미확인,False,True,풍남동
61812,슈퍼떡볶킹,전북특별자치도 전주시 덕진구 송천1길 19,전북특별자치도 전주시 덕진구 송천동1가 403-1,35.8571637,127.1187803,063-251-8848,분식,,"전라북도 전주시에서 어디를 갈지 고민이라면! ""슈퍼떡볶킹""에 가보시는 건 어떨까요?",미확인,False,True,송천2동
381779,어부수산 산오징어&바지락칼국수,전북특별자치도 전주시 완산구 마전들로 48 1층,전북특별자치도 전주시 완산구 효자동3가 1689-3,35.8209014,127.1009314,,생선회,,"전라북도 전주시에 가신다면 ""어부수산 산오징어&바지락칼국수""에 방문해보세요~",미확인,False,True,효자5동
61599,테이크아웃치킨&오븐,전북특별자치도 전주시 완산구 신봉4길 8,전북특별자치도 전주시 완산구 효자동1가 597-1,35.811954,127.1189715,050-4054-4131,치킨,,"""테이크아웃치킨&오븐""은 전라북도 전주시에 있습니다.",미확인,False,True,효자2동
380418,초가카페,전북특별자치도 전주시 완산구 오목대길 25,전북특별자치도 전주시 완산구 교동 47,35.8131207,127.1549057,,카페,,"전라북도 전주시에서 식당을 찾으신다면? ""초가카페""를 방문해보세요!",미확인,False,True,풍남동
373927,대왕산아구찜탕전문점,전북특별자치도 전주시 덕진구 붓내3길 17-9,전북특별자치도 전주시 덕진구 송천동2가 249-1,35.8676982,127.1234009,063-255-9993,해물,,"전라북도 전주시에서 어디를 갈지 고민이라면! ""대왕산아구찜탕전문점""에 가보시는 건 어떨까요?",미확인,False,True,송천1동
60125,Cafe YENA,전북특별자치도 전주시 덕진구 혁신로 478,전북특별자치도 전주시 덕진구 장동 600-13,35.8552654,127.0668601,063-214-1070,카페,,"전라북도 전주시에서 어디를 갈지 고민이라면! ""Cafe YENA""에 가보시는 건 어떨까요?",미확인,False,True,여의동
9727,더플라잉팬,전북특별자치도 전주시 완산구 풍남문2길 53,전북특별자치도 전주시 완산구 전동 303-181,35.8121611,127.1473519,,한식,,"""더플라잉팬""을 전라북도 전주시의 가 볼 만한 식당으로 추천합니다!",미확인,False,True,풍남동
17323,김다임육쪽마늘빵,전북특별자치도 전주시 완산구 풍남문2길 63 김다임,전북특별자치도 전주시 완산구 전동3가 2-242,35.8124196,127.1466133,,카페,,"""김다임육쪽마늘빵""을 전라북도 전주시의 가 볼 만한 식당으로 추천합니다!",미확인,False,True,풍남동
729735,밀롱커피,전북특별자치도 전주시 덕진구 용소로 79,전북특별자치도 전주시 덕진구 송천동1가 820-11,35.8637364,127.1170293,063-254-0116,카페,,"전라북도 전주시에서 맛집을 찾으신다면 ""밀롱커피""를 추천합니다.",미확인,False,True,송천2동
732986,UM JAMAE,전북특별자치도 전주시 완산구 홍산북로 83,전북특별자치도 전주시 완산구 효자동3가 1526-2,35.8179533,127.1119817,063-221-0901,카페,,"전라북도 전주시에서 가 볼 만한 식당을 찾으신다면? ""UM JAMAE""을 추천합니다!",미확인,False,True,효자5동
213851,효자치킨,전북특별자치도 전주시 완산구 효동2길 14-12 서부시장상점가 청춘시전 1층,전북특별자치도 전주시 완산구 효자동1가 201-65,35.8052037,127.1264067,063-227-9909,치킨,,"전라북도 전주시에서 어디를 갈지 고민이라면! ""효자치킨""에 가보시는 건 어떨까요?",미확인,False,True,효자1동
863574,동경야시장,전북특별자치도 전주시 완산구 평화18길 29(평화동1가),전북특별자치도 전주시 덕진구 송천동2가 1299-6,35.794803,127.1333166,063-224-3391,,,"전라북도 전주시에서 맛집을 찾으신다면 ""동경야시장""을 추천합니다.",미확인,False,True,평화2동
863674,분식퀸 효천점,전북특별자치도 전주시 완산구 효천중앙로 22,전북특별자치도 전주시 완산구 서신동 6-13,35.7985052,127.1044318,063-225-3302,분식,,"전라북도 전주시에서 가 볼 만한 식당을 찾으신다면? ""분식퀸 효천점""을 추천합니다!",미확인,False,True,효자4동
863673,아스타,전북특별자치도 전주시 덕진구 세병로 26,전북특별자치도 전주시 덕진구 금암동 796-5,35.8741097,127.1277009,063-255-7200,카페,,"""아스타""를 전라북도 전주시의 가 볼 만한 식당으로 추천합니다!",미확인,False,True,송천1동
864301,전주비빔빵,전북특별자치도 전주시 완산구 은행로 45,전북특별자치도 전주시 완산구 풍남동3가 49-1,35.8159612,127.1524857,063-227-4883,베이커리,,"전라북도 전주시에서 식당을 찾으신다면? ""전주비빔빵""을 방문해보세요!",미확인,False,True,풍남동
863604,이선자떡카페,전북특별자치도 전주시 완산구 전주객사2길 47,전북특별자치도 전주시 완산구 다가동4가 83-9,35.8137801,127.1471806,063-288-4210,카페,,"어디 가야 할지 고민이시라고요? 그럼 전라북도 전주시 맛집, ""이선자떡카페""를 추천합니다!",미확인,False,True,풍남동
863599,바른돈까스,전북특별자치도 전주시 완산구 서신천변15길 11-3,전북특별자치도 전주시 덕진구 금암동 767-2,35.8314844,127.1131024,063-277-7544,,,"전라북도 전주시에 가신다면 ""바른돈까스""에 방문해보세요~",미확인,False,True,서신동
863596,복돼지 혁신점,전북특별자치도 전주시 덕진구 오공로 43-3,전북특별자치도 전주시 완산구 다가동3가 46-2,35.8184338,127.139636,063-226-3392,,,"전라북도 전주시에 가신다면 ""복돼지 혁신점""에 방문해보세요~",미확인,False,True,중앙동
863589,BHC 치킨 전주혁신도시점,전북특별자치도 전주시 완산구 전주객사1길 75,전북특별자치도 전주시 완산구 다가동4가 118-3,35.8367266,127.0599588,063-236-9282,,,"전라북도 전주시에서 어디를 갈지 고민이라면! ""BHC 치킨 전주혁신도시점""에 가보시는 건 어떨까요?",미확인,False,True,혁신동
863587,사리본가,전북특별자치도 전주시 덕진구 중동로 104-6 3층,전북특별자치도 전주시 덕진구 송천동2가 1299-10,35.8426594,127.064469,063-247-7274,한식,,"전라북도 전주시에서 식당을 찾으신다면? ""사리본가""를 방문해보세요!",미확인,False,True,여의동
863678,cook1015,전북특별자치도 전주시 덕진구 오공로 43-52,전북특별자치도 전주시 덕진구 금암동 706-3,35.8377165,127.0605622,063-223-1015,한식,,"""cook1015""는 전라북도 전주시에 있습니다.",미확인,False,True,혁신동
166709,원평순대국밥,전북특별자치도 전주시 완산구 백마산길 24,전북특별자치도 전주시 완산구 효자동3가 1172-1,35.8174642,127.0904312,063-901-0052,순대국,,"""원평순대국밥""을 전라북도 전주시의 가 볼 만한 식당으로 추천합니다!",미확인,False,True,효자4동
863569,햇살치킨 평화점,전북특별자치도 전주시 완산구 장승배기로 182,전북특별자치도 전주시 완산구 삼천동1가 284-32,35.7953484,127.1331191,063-236-9979,,,"전라북도 전주시에서 어디를 갈지 고민이라면! ""햇살치킨 평화점""에 가보시는 건 어떨까요?",미확인,False,True,평화2동
863556,평화돈,전북특별자치도 전주시 완산구 평화18길 24-8 평화돈,전북특별자치도 전주시 덕진구 덕진동2가 673-7,35.7954497,127.1342263,063-283-2222,,,"""평화돈""은 전라북도 전주시에 있습니다.",미확인,False,True,평화2동
863549,BBQ 전주평화점,전북특별자치도 전주시 완산구 평화로 150,전북특별자치도 전주시 덕진구 금암동 1312-28,35.7899763,127.1358271,063-223-9288,,,"전라북도 전주시에서 식당을 찾으신다면? ""BBQ 전주평화점""을 방문해보세요!",미확인,False,True,평화2동
863529,청동북카페,전북특별자치도 전주시 완산구 세내로 504-7,전북특별자치도 전주시 완산구 삼천동1가 583-5,35.8325879,127.1037827,063-223-0010,카페,,"전라북도 전주시에서 식당을 찾으신다면? ""청동북카페""를 방문해보세요!",미확인,False,True,효자5동
863489,배스킨라빈스평화사거리점,전북특별자치도 전주시 완산구 모악로 4762(한별빌딩 1층 평화동1가),전북특별자치도 전주시 완산구 중화산동2가 119-13,35.7943842,127.1327339,063-221-3179,아이스크림,,"전라북도 전주시에서 어디를 갈지 고민이라면! ""배스킨라빈스평화사거리점""에 가보시는 건 어떨까요?",미확인,False,True,평화2동
165261,원두막,전북특별자치도 전주시 덕진구 소리로 31 소리문화전당,전북특별자치도 전주시 덕진구 덕진동1가 88-61,35.8556386,127.1365088,063-277-8118,아귀찜,,"무엇을 먹을지 고민되신다고요? 전라북도 전주시에 계시다면 ""원두막""을 추천합니다!",미확인,False,True,덕진동
863444,육감만족 평화점,전북특별자치도 전주시 완산구 평화로 180(평화동1가),전북특별자치도 전주시 완산구 중화산동2가 44-3,35.7924456,127.13661,050-7009-0080,,,"""육감만족 평화점""을 전라북도 전주시의 가 볼 만한 식당으로 추천합니다!",미확인,False,True,평화1동
863428,가마솥소머리곰탕,전북특별자치도 전주시 완산구 평화15길 4(평화동2가),전북특별자치도 전주시 덕진구 금암동 760-6,35.7916248,127.1365506,063-222-2088,,,"전라북도 전주시에서 어디를 갈지 고민이라면! ""가마솥소머리곰탕""에 가보시는 건 어떨까요?",미확인,False,True,평화2동
775370,땡스투,전북특별자치도 전주시 완산구 배학4길 18 1층,전북특별자치도 전주시 완산구 효자동3가 1683-2,35.8197673,127.09882,063-228-1110,카페,,"전라북도 전주시에서 식당을 찾으신다면? ""땡스투""를 방문해보세요!",미확인,False,True,효자5동
863698,노랑카페,전북특별자치도 전주시 완산구 여울로 35,전북특별자치도 전주시 덕진구 금암동 471-10,35.8361852,127.1197796,070-4793-8889,카페,,"무엇을 먹을지 고민되신다고요? 전라북도 전주시에 계시다면 ""노랑카페""를 추천합니다!",미확인,False,True,서신동
863699,배스킨라빈스 전주효천점,전북특별자치도 전주시 완산구 효천중앙로 55,전북특별자치도 전주시 덕진구 금암동 470-22,35.7989571,127.1078764,063-229-4499,아이스크림,,"""배스킨라빈스 전주효천점""을 전라북도 전주시의 가 볼 만한 식당으로 추천합니다!",미확인,False,True,효자4동
167951,파리바게뜨 전주대점,전북특별자치도 전주시 완산구 백마산길 30,전북특별자치도 전주시 완산구 효자동3가 1174-1,35.8172599,127.089944,063-908-8204,베이커리,,"전라북도 전주시에서 맛집을 찾으신다면 ""파리바게뜨 전주대점""을 추천합니다.",미확인,False,True,효자4동
864110,코코스톤,전북특별자치도 전주시 완산구 서학로 30-1 1층,전북특별자치도 전주시 완산구 동서학동 142-1 1층,35.8094017,127.1527888,050-7982-6504,술집,,"무엇을 먹을지 고민되신다고요? 전라북도 전주시에 계시다면 ""코코스톤""을 추천합니다!",미확인,False,True,동서학동
864096,커피콩볶는샌드위치,전북특별자치도 전주시 덕진구 백제대로 563 1층,전북특별자치도 전주시 덕진구 금암동 668-3 1층,35.840925,127.1311983,050-7140-4258,샌드위치,,"전라북도 전주시에서 어디를 갈지 고민이라면! ""커피콩볶는샌드위치""에 가보시는 건 어떨까요?",미확인,False,True,금암1동
192552,해장꾹이 전주효자점,전북특별자치도 전주시 완산구 거마평로 178,전북특별자치도 전주시 완산구 효자동1가 387-2,35.8082809,127.1162341,063-227-6888,해장국,,"무엇을 먹을지 고민되신다고요? 전라북도 전주시에 계시다면 ""해장꾹이 전주효자점""을 추천합니다!",미확인,False,True,효자2동
864047,전통팥죽,전북특별자치도 전주시 완산구 전동3가 2-242,전북특별자치도 전주시 완산구 전동3가 2-242 남부시장,35.8124257,127.1466106,063-228-3509,죽,,"""전통팥죽""은 전라북도 전주시에 있습니다.",미확인,False,True,풍남동
863982,민들레쌈밥,전북특별자치도 전주시 덕진구 건산로 235 (인후동1가),전북특별자치도 전주시 덕진구 인후동1가 805-4,35.8346177,127.1629317,063-244-5557,쌈밥,,"전라북도 전주시에서 어디를 갈지 고민이라면! ""민들레쌈밥""에 가보시는 건 어떨까요?",미확인,False,True,인후3동
863936,이디야커피 전주혁신점,전북특별자치도 전주시 덕진구 오정1길 4,전북특별자치도 전주시 덕진구 중동 779-2,35.8356749,127.0601234,063-226-1146,카페,,"어디 가야 할지 고민이시라고요? 그럼 전라북도 전주시 맛집, ""이디야커피 전주혁신점""을 추천합니다!",미확인,False,True,혁신동
189690,신&#39;s쭈꾸미,전북특별자치도 전주시 완산구 홍산중앙로 19,전북특별자치도 전주시 완산구 효자동2가 1155-8,35.8153386,127.1087397,063-236-7736,주꾸미,,"전라북도 전주시에서 어디를 갈지 고민이라면! ""신&#39;s쭈꾸미""에 가보시는 건 어떨까요?",미확인,False,True,효자5동
863908,티바두마리치킨동산반월점,전북특별자치도 전주시 덕진구 쪽구름로 28 ,전북특별자치도 전주시 덕진구 여의동2가 566-21,35.8682688,127.0782465,063-272-9206,,,"""티바두마리치킨동산반월점""은 전라북도 전주시에 있습니다.",미확인,False,True,여의동
185494,짬짜루,전북특별자치도 전주시 완산구 성지산3길 13,전북특별자치도 전주시 완산구 효자동1가 552-11,35.8053598,127.1221556,063-221-8599,음식점,,"""짬짜루""를 전라북도 전주시의 가 볼 만한 식당으로 추천합니다!",미확인,False,True,효자2동
199097,오늘또젤라또,전북특별자치도 전주시 완산구 풍남문2길 53,전북특별자치도 전주시 완산구 전동 303-181,35.8121611,127.1473519,,아이스크림,,"무엇을 먹을지 고민되신다고요? 전라북도 전주시에 계시다면 ""오늘또젤라또""를 추천합니다!",미확인,False,True,풍남동
863893,전주전동김밥,전북특별자치도 전주시 완산구 전동 184-3,전북특별자치도 전주시 완산구 풍남문2길 9,35.8134953,127.1482538,,김밥,,"""전주전동김밥""을 전라북도 전주시의 가 볼 만한 식당으로 추천합니다!",미확인,False,True,풍남동
863887,샘물맥주 동산점,전북특별자치도 전주시 덕진구 편운로 28,전북특별자치도 전주시 덕진구 여의동2가 576 푸른한의원,35.8718721,127.0794504,063-213-1188,,,"""샘물맥주 동산점""을 전라북도 전주시의 가 볼 만한 식당으로 추천합니다!",미확인,False,True,여의동
178836,이디야커피 전주신시가지점,전북특별자치도 전주시 완산구 홍산북로 11-3,전북특별자치도 전주시 완산구 효자동2가 1227-2,35.8177135,127.1027831,,카페,,"전라북도 전주시에서 가 볼 만한 식당을 찾으신다면? ""이디야커피 전주신시가지점""을 추천합니다!",미확인,False,True,효자5동
864259,BONEPORK,전북특별자치도 전주시 완산구 봉곡로 6(1층 효자동2가)	,전북특별자치도 전주시 완산구 효자동2가 1305-5,35.8116667,127.0944172,070-1661-0834,음식점,,"어디 가야 할지 고민이시라고요? 그럼 전라북도 전주시 맛집, ""BONEPORK""을 추천합니다!",미확인,False,True,효자4동
863873,고마담,전북특별자치도 전주시 덕진구 세병2길 30,전북특별자치도 전주시 덕진구 송천동2가 1330-9,35.8725424,127.1269543,070-1432-1146,,,"전라북도 전주시에서 가 볼 만한 식당을 찾으신다면? ""고마담""을 추천합니다!",미확인,False,True,송천1동
864266,뱃살공주,전북특별자치도 전주시 완산구 후곡길 23-6(1층 효자동2가)	,전북특별자치도 전주시 완산구 효자동2가 1307-7,35.8107635,127.0951171,,한식,,"전라북도 전주시에서 맛집을 찾으신다면 ""뱃살공주""를 추천합니다.",미확인,False,True,효자4동
863803,쿠지커피로스터스,전북특별자치도 전주시 완산구 유연로 267,전북특별자치도 전주시 완산구 서신동 853-1,35.8255964,127.1147382,0507-1487-1123,카페,,"전라북도 전주시에서 맛집을 찾으신다면 ""쿠지커피로스터스""를 추천합니다.",미확인,False,True,서신동
864267,달이야기,전북특별자치도 전주시 완산구 최명희길 20,전북특별자치도 전주시 완산구 풍남동3가 47-3 다로,35.8162388,127.1524836,063-288-8886,카페,,"전라북도 전주시에서 어디를 갈지 고민이라면! ""달이야기""에 가보시는 건 어떨까요?",미확인,False,True,풍남동
863737,만성횟집,전북특별자치도 전주시 덕진구 만성남1길 55,전북특별자치도 전주시 덕진구 만성동 1266-1,35.8409402,127.0734071,,생선회,,"""만성횟집""을 전라북도 전주시의 가 볼 만한 식당으로 추천합니다!",미확인,False,True,여의동
864128,전통피순대물갈비,전북특별자치도 전주시 완산구 장승배기로 399,전북특별자치도 전주시 완산구 동서학동 256-10,35.8061875,127.1523713,063-285-0142,,,"전라북도 전주시에서 맛집을 찾으신다면 ""전통피순대물갈비""를 추천합니다.",미확인,False,True,동서학동
864340,퐁당퐁당 물고기다방,전북특별자치도 전주시 완산구 향교길 27,전북특별자치도 전주시 완산구 교동  243-1,35.8117626,127.1510695,,카페,,"무엇을 먹을지 고민되신다고요? 전라북도 전주시에 계시다면 ""퐁당퐁당 물고기다방""을 추천합니다!",미확인,False,True,풍남동
863385,주황집,전북특별자치도 전주시 덕진구 두간5길 9,전북특별자치도 전주시 덕진구 송천동1가 819-1,35.8170226,127.1406613,063-903-0778,음식점,,"무엇을 먹을지 고민되신다고요? 전라북도 전주시에 계시다면 ""주황집""을 추천합니다!",미확인,False,True,중앙동
863367,1리터커피 아중점,전북특별자치도 전주시 덕진구 동가재미2길 63,전북특별자치도 전주시 덕진구 인후동1가 952-6,35.8349895,127.1670986,063-244-4007,카페,,"어디 가야 할지 고민이시라고요? 그럼 전라북도 전주시 맛집, ""1리터커피 아중점""을 추천합니다!",미확인,False,True,인후3동
862331,전주수제초코파이,전북특별자치도 전주시 완산구 경기전길 127,전북특별자치도 전주시 완산구 교동 77-1,35.8137268,127.1513279,,,,"전라북도 전주시에서 어디를 갈지 고민이라면! ""전주수제초코파이""에 가보시는 건 어떨까요?",미확인,False,True,풍남동
862173,돈쿡,전북특별자치도 전주시 완산구 홍산남로 29-25 1층,전북특별자치도 전주시 완산구 효자동2가 1237-7,35.8163913,127.1049688,063-222-2704,,,"전라북도 전주시에서 맛집을 찾으신다면 ""돈쿡""을 추천합니다.",미확인,False,True,효자5동
861829,RL카페,전북특별자치도 전주시 덕진구 명륜3길 9-1,전북특별자치도 전주시 덕진구 덕진동1가 1266-6,35.8423358,127.1268283,063-252-4822,,,"전라북도 전주시에서 어디를 갈지 고민이라면! ""RL카페""에 가보시는 건 어떨까요?",미확인,False,True,덕진동
864387,행복식당,전북특별자치도 전주시 완산구 평화3길 27-3,전북특별자치도 전주시 완산구 평화동2가 900-8,35.7831155,127.1303763,063-286-1100,한식,,"어디 가야 할지 고민이시라고요? 그럼 전라북도 전주시 맛집, ""행복식당""을 추천합니다!",미확인,False,True,평화2동
861759,한방가마솥족발,전북특별자치도 전주시 덕진구 붓내3길 17-1,전북특별자치도 전주시 덕진구 송천동2가 244-25,35.8669305,127.1233661,063-253-0701,한식,,"어디 가야 할지 고민이시라고요? 그럼 전라북도 전주시 맛집, ""한방가마솥족발""을 추천합니다!",미확인,False,True,송천1동
864404,태양회수산,전북특별자치도 전주시 완산구 서신천변15길 9,전북특별자치도 전주시 완산구 서신동 800-1,35.8317689,127.1132666,063-231-9282,생선회,,"어디 가야 할지 고민이시라고요? 그럼 전라북도 전주시 맛집, ""태양회수산""을 추천합니다!",미확인,False,True,서신동
126438,갯벌애꼬막 송천점,전북특별자치도 전주시 덕진구 두간5길 6,전북특별자치도 전주시 덕진구 송천동1가 821-2,35.8648956,127.1177536,063-278-2337,해물,,"""갯벌애꼬막 송천점""을 전라북도 전주시의 가 볼 만한 식당으로 추천합니다!",미확인,False,True,송천2동
126068,풍남문비빔밥,전북특별자치도 전주시 완산구 풍남문1길 19-3 남부시장6동 95호,전북특별자치도 전주시 완산구 전동 295-4,35.8127983,127.147568,063-286-0300,,,"전라북도 전주시에서 맛집을 찾으신다면 ""풍남문비빔밥""을 추천합니다.",미확인,False,True,풍남동
818869,카페에레쯔,전북특별자치도 전주시 덕진구 송천중앙로 130 송학아파트,전북특별자치도 전주시 덕진구 송천동1가 395-16,35.858567,127.1212767,,카페,,"전라북도 전주시에 가신다면 ""카페에레쯔""에 방문해보세요~",미확인,False,True,송천1동
864424,조선왕족발,전북특별자치도 전주시 완산구 바우배기2길 17-5(1층 효자동2가)	,전북특별자치도 전주시 완산구 효자동2가 1235-2,35.8173526,127.1035808,070-7856-0220,,,"전라북도 전주시에 가신다면 ""조선왕족발""에 방문해보세요~",미확인,False,True,효자5동
818443,은혜휴게실,전북특별자치도 전주시 완산구 풍남문2길 63 남부시장,전북특별자치도 전주시 완산구 전동3가 2-242,35.8122989,127.1468211,063-288-5772,카페,,"어디 가야 할지 고민이시라고요? 그럼 전라북도 전주시 맛집, ""은혜휴게실""을 추천합니다!",미확인,False,True,풍남동
864485,두이모,전북특별자치도 전주시 완산구 자만동2길 21,전북특별자치도 전주시 완산구 교동 54-44,35.8141873,127.1567435,063-274-1212,카페,,"전라북도 전주시에 가신다면 ""두이모""에 방문해보세요~",미확인,False,True,풍남동
815226,주인의주방 전주신시가지점,전북특별자치도 전주시 완산구 홍산남로 81,전북특별자치도 전주시 완산구 효자동3가 1539-6,35.8160827,127.1109148,,술집,,"전라북도 전주시에 가신다면 ""주인의주방 전주신시가지점""에 방문해보세요~",미확인,False,True,효자5동
809949,문화공감,전북특별자치도 전주시 완산구 구룡1길 5,전북특별자치도 전주시 완산구 효자동2가 1257-11,35.8120903,127.1023719,,카페,,"""문화공감""은 전라북도 전주시에 있습니다.",미확인,False,True,효자4동
788852,안아줘,전북특별자치도 전주시 완산구 경기전길 131,전북특별자치도 전주시 완산구 교동 77-2,35.8135327,127.1513794,063-287-7730,카페,,"전라북도 전주시에 가신다면 ""안아줘""에 방문해보세요~",미확인,False,True,풍남동
784885,카페L군,전북특별자치도 전주시 덕진구 명륜3길 10-7,전북특별자치도 전주시 덕진구 덕진동1가 1264-9,35.8420786,127.1279687,063-904-2977,카페,,"전라북도 전주시에 가신다면 ""카페L군""에 방문해보세요~",미확인,False,True,덕진동
780321,peacock,전북특별자치도 전주시 완산구 마전들로 37,전북특별자치도 전주시 완산구 효자동3가 1663-15,35.821225,127.0995635,,카페,,"전라북도 전주시에 가신다면 ""peacock""에 방문해보세요~",미확인,False,True,효자5동
779152,누이단팥빵,전북특별자치도 전주시 완산구 홍산3길 17,전북특별자치도 전주시 완산구 효자동3가 1527-2,35.8183334,127.1071402,063-282-0045,베이커리,,"전라북도 전주시에서 가 볼 만한 식당을 찾으신다면? ""누이단팥빵""을 추천합니다!",미확인,False,True,효자5동
125234,한돈갈비찜에반하다 송천점,전북특별자치도 전주시 덕진구 솔내5길 7,전북특별자치도 전주시 덕진구 송천동1가 395-16,35.8577753,127.1216543,,한식,,"""한돈갈비찜에반하다 송천점""은 전라북도 전주시에 있습니다.",미확인,False,True,송천1동
128940,공룡삼겹살,전북특별자치도 전주시 완산구 용리로 53,전북특별자치도 전주시 완산구 효자동1가 669-10,35.7988179,127.1156041,063-236-7855,돼지고기,,"전라북도 전주시에서 맛집을 찾으신다면 ""공룡삼겹살""을 추천합니다.",미확인,False,True,효자3동
863368,"오직, 그대만",전북특별자치도 전주시 완산구 서신로 6,전북특별자치도 전주시 덕진구 인후동1가 933-8,35.8258744,127.1159857,063-255-5579,카페,,"전라북도 전주시에서 가 볼 만한 식당을 찾으신다면? ""오직, 그대만""을 추천합니다!",미확인,False,True,서신동
862624,고사동부엌,전북특별자치도 전주시 완산구 전주객사2길 46-2,전북특별자치도 전주시 완산구 고사동 485-2,35.8187998,127.1405977,063-285-1592,음식점,,"무엇을 먹을지 고민되신다고요? 전라북도 전주시에 계시다면 ""고사동부엌""을 추천합니다!",미확인,False,True,중앙동
862699,통큰갈비,전북특별자치도 전주시 덕진구 솔내로 121,전북특별자치도 전주시 덕진구 송천동1가 138-2,35.8610404,127.1263995,063-277-7300,,,"전라북도 전주시에서 어디를 갈지 고민이라면! ""통큰갈비""에 가보시는 건 어떨까요?",미확인,False,True,송천1동
863362,벌크커피 본병원점,전북특별자치도 전주시 완산구 유연로 275,전북특별자치도 전주시 완산구 중화산동2가 615-9,35.8255749,127.1155715,063-901-9989,카페,,"어디 가야 할지 고민이시라고요? 그럼 전라북도 전주시 맛집, ""벌크커피 본병원점""을 추천합니다!",미확인,False,True,서신동
863342,물고기세마리초밥,전북특별자치도 전주시 완산구 중산5길 17,전북특별자치도 전주시 완산구 중화산동2가 629-1,35.8188507,127.140202,063-288-0442,,,"전라북도 전주시에 가신다면 ""물고기세마리초밥""에 방문해보세요~",미확인,False,True,중앙동
161522,스카이이스블루,전북특별자치도 전주시 덕진구 명륜3길 13,전북특별자치도 전주시 덕진구 덕진동1가 1263-11,35.8425567,127.1275426,,술집,,"전라북도 전주시에서 가 볼 만한 식당을 찾으신다면? ""스카이이스블루""를 추천합니다!",미확인,False,True,덕진동
863333,다시가고싶은파스타 (다가파스타),전북특별자치도 전주시 완산구 전주객사1길 46-8,전북특별자치도 전주시 완산구 중화산동2가 640-3,35.818388,127.1394793,063-285-5210,,,"""다시가고싶은파스타 (다가파스타)""를 전라북도 전주시의 가 볼 만한 식당으로 추천합니다!",미확인,False,True,중앙동
204059,역전할머니맥주 하가점,전북특별자치도 전주시 덕진구 가리내8길 5,전북특별자치도 전주시 덕진구 덕진동2가 674-3,35.8436289,127.1114498,063-278-7624,맥주,,"전라북도 전주시에서 맛집을 찾으신다면 ""역전할머니맥주 하가점""을 추천합니다.",미확인,False,True,덕진동
863179,커피준,전북특별자치도 전주시 덕진구 백제대로 728,전북특별자치도 전주시 완산구 서신동 955-1,35.8450621,127.1485993,063-277-7919,카페,,"""커피준""은 전라북도 전주시에 있습니다.",미확인,False,True,인후2동
863163,카페 솔소나무,전북특별자치도 전주시 완산구 평화10길 2,전북특별자치도 전주시 덕진구 인후동1가 849-10,35.789966,127.1353955,063-277-5341,카페,,"어디 가야 할지 고민이시라고요? 그럼 전라북도 전주시 맛집, ""카페 솔소나무""를 추천합니다!",미확인,False,True,평화2동
863158,땡초먹고맴맴,전북특별자치도 전주시 덕진구 백제대로 744,전북특별자치도 전주시 완산구 풍남동3가 79-1,35.8455866,127.150371,063-241-9528,한식,,"전라북도 전주시에서 맛집을 찾으신다면 ""땡초먹고맴맴""을 추천합니다.",미확인,False,True,인후2동
862662,tomcat,전북특별자치도 전주시 완산구 봉곡로 120,전북특별자치도 전주시 덕진구 덕진동2가 677-5,35.8107408,127.1068063,,카페,,"전라북도 전주시에서 가 볼 만한 식당을 찾으신다면? ""tomcat""을 추천합니다!",미확인,False,True,효자4동
863156,한베국수,전북특별자치도 전주시 완산구 평화로 141,전북특별자치도 전주시 완산구 중화산동2가 757-3,35.7894101,127.1352257,063-222-2299,국수,,"무엇을 먹을지 고민되신다고요? 전라북도 전주시에 계시다면 ""한베국수""를 추천합니다!",미확인,False,True,평화2동
863070,국대후라이드치킨 우아호성점,전북특별자치도 전주시 덕진구 호성1길 16?,전북특별자치도 전주시 완산구 서신동 946-8,35.8565264,127.1547079,063-224-0688,,,"""국대후라이드치킨 우아호성점""은 전라북도 전주시에 있습니다.",미확인,False,True,호성동
863024,황제등갈비자연산장어,전북특별자치도 전주시 덕진구 우아로 19-1,전북특별자치도 전주시 덕진구 중동 774-2,35.8497626,127.1561927,063-241-9289,,,"전라북도 전주시에서 식당을 찾으신다면? ""황제등갈비자연산장어""를 방문해보세요!",미확인,False,True,우아1동
862922,루비떼,전북특별자치도 전주시 덕진구 백제대로 801,전북특별자치도 전주시 덕진구 송천동2가 1327-6,35.8480614,127.1559091,063-244-9100,카페,,"전라북도 전주시에서 맛집을 찾으신다면 ""루비떼""를 추천합니다.",미확인,False,True,우아1동
862888,PNB풍년제과 전주역점,전북특별자치도 전주시 덕진구 백제대로 840,전북특별자치도 전주시 완산구 평화동1가 709-14,35.8488668,127.160213,063-251-5555,베이커리,,"무엇을 먹을지 고민되신다고요? 전라북도 전주시에 계시다면 ""PNB풍년제과 전주역점""을 추천합니다!",미확인,False,True,우아1동
862835,카페 마디다,전북특별자치도 전주시 완산구 평화16길 12,전북특별자치도 전주시 완산구 평화동1가 744-1,35.8171462,127.1404582,070-4849-2580,카페,,"어디 가야 할지 고민이시라고요? 그럼 전라북도 전주시 맛집, ""카페 마디다""를 추천합니다!",미확인,False,True,중앙동
148259,임실치즈피자송천본점,,전북특별자치도 전주시 덕진구 송천동1가 143-33,35.860025,127.12793,063-278-4545,피자,,"무엇을 먹을지 고민되신다고요? 전라북도 전주시에 계시다면 ""임실치즈피자송천본점""을 추천합니다!",미확인,False,True,송천1동
136147,순자씨밥줘,전북특별자치도 전주시 완산구 풍남문1길 19-3,전북특별자치도 전주시 완산구 전동 295-4,35.812799,127.1475718,063-282-2168,보리밥,,"전라북도 전주시에 가신다면 ""순자씨밥줘""에 방문해보세요~",미확인,False,True,풍남동
864141,레트로 707,전북특별자치도 전주시 덕진구 명륜2길 16-10,전북특별자치도 전주시 덕진구 금암동 707-5,35.8413237,127.1292769,063-225-7727,카페,,"전라북도 전주시에서 가 볼 만한 식당을 찾으신다면? ""레트로 707""을 추천합니다!",미확인,False,True,덕진동
864491,박숙희수제명과,전북특별자치도 전주시 완산구 풍남문3길 27-1,전북특별자치도 전주시 완산구 전동 146-12,35.8149161,127.1468239,063-283-2252,,,"""박숙희수제명과""를 전라북도 전주시의 가 볼 만한 식당으로 추천합니다!",폐업,False,True,풍남동
4465,엘디아,전북특별자치도 전주시 덕진구 사근1길 57,전북특별자치도 전주시 덕진구 송천동2가 185-1,35.8664558,127.1335718,063-253-0002,카페,,"무엇을 먹을지 고민되신다고요? 전라북도 전주시에 계시다면 ""엘디아""를 추천합니다!",폐업,False,True,송천1동
54188,우리술 오늘,,전북특별자치도 전주시 덕진구 송천동1가 342,35.8543907,127.1190446,063-277-2137,술집,,"전라북도 전주시에서 어디를 갈지 고민이라면! ""우리술 오늘""에 가보시는 건 어떨까요?",폐업,False,True,송천2동
199178,홍베이팡 전주객사점,전북특별자치도 전주시 완산구 충경로 49-1,전북특별자치도 전주시 완산구 중앙동3가 14-1,35.818044,127.1446092,063-288-1225,샌드위치,,"전라북도 전주시에서 가 볼 만한 식당을 찾으신다면? ""홍베이팡 전주객사점""을 추천합니다!",폐업,False,True,중앙동
123754,마카롱,전북특별자치도 전주시 완산구 전주객사5길 22-6 1층,전북특별자치도 전주시 완산구 고사동 66-5,35.8191916,127.1458442,063-284-4606,카페,,"전라북도 전주시에 가신다면 ""마카롱""에 방문해보세요~",폐업,False,True,중앙동
14420,수쿠수쿠샤브와족발,전북특별자치도 전주시 완산구 효동3길 17-6,전북특별자치도 전주시 완산구 효자동1가 803,35.8048111,127.1292995,,샤브샤브,,"전라북도 전주시에서 맛집을 찾으신다면 ""수쿠수쿠샤브와족발""을 추천합니다.",폐업,False,True,효자1동
120815,연어삼총사,전북특별자치도 전주시 덕진구 두간로 28,전북특별자치도 전주시 덕진구 송천동1가 823-3,35.8651727,127.1175186,063-253-8588,생선회,,"전라북도 전주시에서 맛집을 찾으신다면 ""연어삼총사""를 추천합니다.",폐업,False,True,송천2동
117987,멘야케이 류죠점,전북특별자치도 전주시 완산구 전주객사4길 73-11,전북특별자치도 전주시 완산구 고사동 361-8,35.8207448,127.142649,,라멘,,"전라북도 전주시에서 식당을 찾으신다면? ""멘야케이 류죠점""을 방문해보세요!",폐업,False,True,중앙동
116730,풀꽃,전북특별자치도 전주시 완산구 소태정3길 14,전북특별자치도 전주시 완산구 효자동2가  1206-7,35.803511,127.0994939,,카페,,"전라북도 전주시에서 맛집을 찾으신다면 ""풀꽃""을 추천합니다.",폐업,False,True,효자4동
114389,소춘,전북특별자치도 전주시 덕진구 시천로 17,전북특별자치도 전주시 덕진구 송천동1가 626-75,35.8607803,127.1145171,063-252-6225,닭요리,,"""소춘""은 전라북도 전주시에 있습니다.",폐업,False,True,송천2동
105969,박중근쟁반짜장,전북특별자치도 전주시 완산구 효자로 64,전북특별자치도 전주시 완산구 효자동3가 1167-9,35.8184161,127.0920795,063-237-2201,중식,,"전라북도 전주시에서 가 볼 만한 식당을 찾으신다면? ""박중근쟁반짜장""을 추천합니다!",폐업,False,True,효자4동
151936,민주커피,전북특별자치도 전주시 완산구 충경로 84,전북특별자치도 전주시 완산구 경원동1가 3-1,35.8187783,127.1481643,063-286-7557,카페,,"전라북도 전주시에서 가 볼 만한 식당을 찾으신다면? ""민주커피""를 추천합니다!",폐업,False,True,풍남동
193332,까다로운 입맛,전북특별자치도 전주시 완산구 은행로 72,전북특별자치도 전주시 완산구 교동 81-2,35.8136266,127.1526433,,카페,,"전라북도 전주시에 가신다면 ""까다로운 입맛""에 방문해보세요~",폐업,False,True,풍남동
152120,달밤,전북특별자치도 전주시 완산구 후곡길 31-7 1층 상가,전북특별자치도 전주시 완산구 효자동2가 1307-10,35.8112257,127.0949503,,맥주,,"전라북도 전주시에서 가 볼 만한 식당을 찾으신다면? ""달밤""을 추천합니다!",폐업,False,True,효자4동
166301,COOK1015 송천점,전북특별자치도 전주시 덕진구 솔내로 130,전북특별자치도 전주시 덕진구 송천동1가 104-5,35.8616219,127.1269524,063-277-1015,한식,,"전라북도 전주시에서 가 볼 만한 식당을 찾으신다면? ""COOK1015 송천점""을 추천합니다!",폐업,False,True,송천1동
9983,참치라이더 전주도청점,전북특별자치도 전주시 완산구 홍산중앙로 33,전북특별자치도 전주시 완산구 효자동3가 1535-5,35.8164368,127.1087082,063-225-8686,술집,,"""참치라이더 전주도청점""은 전라북도 전주시에 있습니다.",폐업,False,True,효자5동
172507,죽이야기 송천점,전북특별자치도 전주시 덕진구 천마산로 61,전북특별자치도 전주시 덕진구 송천동2가 202-47,35.8647084,127.1279907,063-273-6288,죽,,"전라북도 전주시에 가신다면 ""죽이야기 송천점""에 방문해보세요~",폐업,False,True,송천1동
175593,오빠담치킨,전북특별자치도 전주시 완산구 후곡길 23-36 1층 102호,전북특별자치도 전주시 완산구 효자동2가 1305-12,35.8106008,127.0944631,063-227-5443,치킨,,"전라북도 전주시에서 어디를 갈지 고민이라면! ""오빠담치킨""에 가보시는 건 어떨까요?",폐업,False,True,효자4동
60205,RIUOOM 2nd,전북특별자치도 전주시 완산구 척동5길 5,전북특별자치도 전주시 완산구 효자동3가 1653-2,35.8230039,127.099272,,카페,,"""RIUOOM 2nd""을 전라북도 전주시의 가 볼 만한 식당으로 추천합니다!",폐업,False,True,효자5동
19674,익소,전북특별자치도 전주시 완산구 전주객사1길 46-3 2층 익소,전북특별자치도 전주시 완산구 다가동4가 90-6,35.8185392,127.1393112,,술집,,"전라북도 전주시에서 어디를 갈지 고민이라면! ""익소""에 가보시는 건 어떨까요?",폐업,False,True,중앙동
82034,오빠담치킨,전북특별자치도 전주시 덕진구 명륜4길 11-3,전북특별자치도 전주시 덕진구 덕진동1가 1262-31,35.8430116,127.1261511,063-908-9294,맥주,,"""오빠담치킨""을 전라북도 전주시의 가 볼 만한 식당으로 추천합니다!",폐업,False,True,덕진동
864494,홍삼파는화가,전북특별자치도 전주시 완산구 은행로 62,전북특별자치도 전주시 완산구 교동 69-5 솟대장승마을,35.8144444,127.1525054,,전,,"""홍삼파는화가""를 전라북도 전주시의 가 볼 만한 식당으로 추천합니다!",폐업,False,True,풍남동
368451,꽃담,전북특별자치도 전주시 덕진구 기린대로 535 꽃담,전북특별자치도 전주시 덕진구 덕진동1가 1357-1,35.8455408,127.1204997,063-273-6800,한식,,"전라북도 전주시에서 식당을 찾으신다면? ""꽃담""을 방문해보세요!",폐업,False,True,덕진동
865020,이차돌전주송천점,전북특별자치도 전주시 덕진구 붓내3길 18,전북특별자치도 전주시 덕진구 송천동2가 245-1,35.8664258,127.1232959,063-277-7799,,,"전라북도 전주시에 가신다면 ""이차돌전주송천점""에 방문해보세요~",폐업,False,True,송천1동
458269,문강정,전북특별자치도 전주시 완산구 경기전길 121,전북특별자치도 전주시 완산구 교동 79-4,35.8139696,127.1512717,,분식,,"전라북도 전주시에 가신다면 ""문강정""에 방문해보세요~",폐업,False,True,풍남동
457064,24시 眞熟진숙 퓨전중화요리,전북특별자치도 전주시 완산구 문학대4길 28-4,전북특별자치도 전주시 완산구 효자동3가 1619-2,35.8266128,127.1047011,063-272-3778,중식,,"전라북도 전주시에서 식당을 찾으신다면? ""24시 眞熟진숙 퓨전중화요리""를 방문해보세요!",폐업,False,True,효자5동
444743,스시노백쉐프 전주송천90호점,전북특별자치도 전주시 덕진구 솔내로 152,전북특별자치도 전주시 덕진구 송천동1가 107-15,35.8637173,127.1272149,063-254-5802,초밥,,"전라북도 전주시에서 식당을 찾으신다면? ""스시노백쉐프 전주송천90호점""을 방문해보세요!",폐업,False,True,송천1동
439814,드림박스 전북대점,전북특별자치도 전주시 덕진구 권삼득로 333 1층 104호,전북특별자치도 전주시 덕진구 덕진동1가 664-6,35.8449229,127.1258686,063-252-2645,샐러드,,"""드림박스 전북대점""을 전라북도 전주시의 가 볼 만한 식당으로 추천합니다!",폐업,False,True,덕진동
865448,응급실떡볶이 전주서신점,전북특별자치도 전주시 완산구 서신로 8,전북특별자치도 전주시 완산구 서신동 856-1,35.826031,127.1160062,063-272-5119,떡볶이,,"무엇을 먹을지 고민되신다고요? 전라북도 전주시에 계시다면 ""응급실떡볶이 전주서신점""을 추천합니다!",폐업,False,True,서신동
422409,짬뽕상회 전주점,전북특별자치도 전주시 완산구 우전2길 34,전북특별자치도 전주시 완산구 효자동2가 172-3 ,35.8074476,127.1074306,063-223-5747,중식,,"전라북도 전주시에서 어디를 갈지 고민이라면! ""짬뽕상회 전주점""에 가보시는 건 어떨까요?",폐업,False,True,효자4동
408452,피자오래 송천점,전북특별자치도 전주시 덕진구 솔내5길 8,전북특별자치도 전주시 덕진구 송천동1가 393-1,35.8576358,127.1214613,063-255-6660,피자,,"어디 가야 할지 고민이시라고요? 그럼 전라북도 전주시 맛집, ""피자오래 송천점""을 추천합니다!",폐업,False,True,송천1동
865475,VEROCafe,전북특별자치도 전주시 완산구 용리로 67,전북특별자치도 전주시 완산구 삼천동1가 597-8,35.7987991,127.1174228,063-228-4878,카페,,"전라북도 전주시에서 어디를 갈지 고민이라면! ""VEROCafe""에 가보시는 건 어떨까요?",폐업,False,True,삼천1동
400790,동서네낙지 송천점,전북특별자치도 전주시 덕진구 송천중앙로 120,전북특별자치도 전주시 덕진구 송천동1가 395,35.8573703,127.1209733,063-277-5007,낙지,,"""동서네낙지 송천점""을 전라북도 전주시의 가 볼 만한 식당으로 추천합니다!",폐업,False,True,송천1동
384412,미스터피자전주송천점,전북특별자치도 전주시 덕진구 천마산로 68,전북특별자치도 전주시 덕진구 송천동1가 107-16,35.8543951,127.1185926,063-274-8795,피자,,"전라북도 전주시에서 가 볼 만한 식당을 찾으신다면? ""미스터피자전주송천점""을 추천합니다!",폐업,False,True,송천2동
459552,고기어때,전북특별자치도 전주시 완산구 홍산북로 69-7,전북특별자치도 전주시 완산구 효자동3가 1528-13,35.8181642,127.1097213,063-227-8892,육류,,"""고기어때""를 전라북도 전주시의 가 볼 만한 식당으로 추천합니다!",폐업,False,True,효자5동
380859,웰돈 전주대점,전북특별자치도 전주시 완산구 후곡길 23-7,전북특별자치도 전주시 완산구 효자동2가 1309-12,35.8103894,127.0952502,050-7987-0779,한식,,"전라북도 전주시에서 식당을 찾으신다면? ""웰돈 전주대점""을 방문해보세요!",폐업,False,True,효자4동
865573,모리스,전북특별자치도 전주시 덕진구 세병로 174-10,전북특별자치도 전주시 덕진구 송천동2가 1301-2 대강빌딩2,35.8790381,127.133993,,카페,,"""모리스""를 전라북도 전주시의 가 볼 만한 식당으로 추천합니다!",폐업,False,True,송천1동
371930,한돈장터,전북특별자치도 전주시 완산구 세내로 523,전북특별자치도 전주시 완산구 효자동3가 1475-2,35.8327863,127.1015256,063-271-6492,육류,,"""한돈장터""는 전라북도 전주시에 있습니다.",폐업,False,True,효자5동
865583,에코김밥천국,전북특별자치도 전주시 덕진구 세병로 134,전북특별자치도 전주시 덕진구 송천동2가 1345,35.8757927,127.1365361,070-4350-3557,김밥,,"""에코김밥천국""을 전라북도 전주시의 가 볼 만한 식당으로 추천합니다!",폐업,False,True,송천1동
371347,무주덕유산도야지,전북특별자치도 전주시 덕진구 솔내7길 9-12,전북특별자치도 전주시 덕진구 송천동1가 119-10,35.8603857,127.1223793,063-252-3353,한식,,"전라북도 전주시에서 식당을 찾으신다면? ""무주덕유산도야지""를 방문해보세요!",폐업,False,True,송천1동
371238,아성각,전북특별자치도 전주시 덕진구 시천로 88,전북특별자치도 전주시 덕진구 송천동1가 564-2,35.867173,127.1146569,063-255-7702,중식,,"전라북도 전주시에 가신다면 ""아성각""에 방문해보세요~",폐업,False,True,송천2동
865600,카페스톨,전북특별자치도 전주시 덕진구 세병로 174-19 2층,전북특별자치도 전주시 덕진구 송천동2가 1299-3,35.880262,127.1340409,050-7133-2413,카페,,"전라북도 전주시에서 맛집을 찾으신다면 ""카페스톨""을 추천합니다.",폐업,False,True,송천2동
370312,미스터보쌈5379 전주송천점,전북특별자치도 전주시 덕진구 송천중앙로 129,전북특별자치도 전주시 덕진구 송천동1가 474-37,35.8586547,127.1208058,050-4054-4537,족발,,"전라북도 전주시에서 맛집을 찾으신다면 ""미스터보쌈5379 전주송천점""을 추천합니다.",폐업,False,True,송천2동
863152,설현식당,전북특별자치도 전주시 덕진구 우아8길 3,전북특별자치도 전주시 완산구 중화산동2가 755-10,35.8506946,127.1564442,063-241-2255,한식,,"""설현식당""을 전라북도 전주시의 가 볼 만한 식당으로 추천합니다!",폐업,False,True,우아1동
342056,씬난다수제쌀핫도그 송천점,전북특별자치도 전주시 덕진구 시천로 40,전북특별자치도 전주시 덕진구 송천동1가 834-4,35.8629338,127.1147981,063-277-8210,핫도그,,"어디 가야 할지 고민이시라고요? 그럼 전라북도 전주시 맛집, ""씬난다수제쌀핫도그 송천점""을 추천합니다!",폐업,False,True,송천2동
865800,엔제리너스커피 금암점,전북특별자치도 전주시 덕진구 기린대로 400,전북특별자치도 전주시 덕진구 금암동 471-9,35.8379699,127.1320779,063-272-5563,카페,,"전라북도 전주시에서 가 볼 만한 식당을 찾으신다면? ""엔제리너스커피 금암점""을 추천합니다!",폐업,False,True,금암1동
380121,국밥세상,전북특별자치도 전주시 덕진구 권삼득로 333,전북특별자치도 전주시 덕진구 덕진동1가 664-6,35.8447368,127.1262266,063-255-0988,국밥,,"전라북도 전주시에 가신다면 ""국밥세상""에 방문해보세요~",폐업,False,True,덕진동
865855,아퀴떼르메 신시가지점,전북특별자치도 전주시 완산구 문학대6길 32-1,전북특별자치도 전주시 완산구 효자동3가 1609-10,35.8282455,127.1056069,063-227-5507,카페,,"전라북도 전주시에서 어디를 갈지 고민이라면! ""아퀴떼르메 신시가지점""에 가보시는 건 어떨까요?",폐업,False,True,효자5동
472876,수버거,전북특별자치도 전주시 완산구 문학대5길 25 1층,전북특별자치도 전주시 완산구 효자동3가 1611-10,35.8273326,127.1047068,063-227-7710,햄버거,,"""수버거""는 전라북도 전주시에 있습니다.",폐업,False,True,효자5동
205863,할리스커피,전북특별자치도 전주시 덕진구 명륜4길 11,전북특별자치도 전주시 덕진구 덕진동1가 1262-30,35.8429151,127.1263606,063-908-8892,음식점,,"전라북도 전주시에서 맛집을 찾으신다면 ""할리스커피""를 추천합니다.",폐업,False,True,덕진동
823982,하롱관 투히엔,전북특별자치도 전주시 덕진구 명륜4길 10-4 2층,전북특별자치도 전주시 덕진구 덕진동1가 1266-3,35.8425055,127.1267829,063-255-8962,베트남음식,,"어디 가야 할지 고민이시라고요? 그럼 전라북도 전주시 맛집, ""하롱관 투히엔""을 추천합니다!",폐업,False,True,덕진동
819373,김밥천국까페,전북특별자치도 전주시 덕진구 가리내8길 7,전북특별자치도 전주시 덕진구 덕진동2가 674-2,35.8433773,127.1110234,063-271-8233,분식,,"전라북도 전주시에 가신다면 ""김밥천국까페""에 방문해보세요~",폐업,False,True,덕진동
864903,4길 김밥&수제비,전북특별자치도 전주시 덕진구 한배미4길 24,전북특별자치도 전주시 덕진구 인후동1가 933-8,35.8238749,127.1647433,063-245-3933,김밥,,"무엇을 먹을지 고민되신다고요? 전라북도 전주시에 계시다면 ""4길 김밥&수제비""를 추천합니다!",폐업,False,True,인후3동
731132,건강식당,전북특별자치도 전주시 완산구 효동2길 37-1,전북특별자치도 전주시 완산구 효자동1가 218-2,35.8031809,127.1260935,063-223-2030,한식,,"""건강식당""을 전라북도 전주시의 가 볼 만한 식당으로 추천합니다!",폐업,False,True,효자1동
864934,농부애갈비,전북특별자치도 전주시 덕진구 송천중앙로 245,전북특별자치도 전주시 덕진구 송천동2가 492-32,35.8688741,127.1209399,063-271-6400,,,"어디 가야 할지 고민이시라고요? 그럼 전라북도 전주시 맛집, ""농부애갈비""를 추천합니다!",폐업,False,True,송천2동
686025,남매네집,전북특별자치도 전주시 덕진구 가리내8길 10-3 드림빌,전북특별자치도 전주시 덕진구 덕진동2가 670-7,35.8437424,127.1105496,063-272-7712,치킨,,"전라북도 전주시에서 식당을 찾으신다면? ""남매네집""을 방문해보세요!",폐업,False,True,덕진동
678267,카페옴니버스,전북특별자치도 전주시 완산구 홍산중앙로 13,전북특별자치도 전주시 완산구 효자동2가 1155-10,35.8148209,127.1086186,063-236-1008,카페,,"전라북도 전주시에서 가 볼 만한 식당을 찾으신다면? ""카페옴니버스""를 추천합니다!",폐업,False,True,효자5동
655300,KFC 전북도청,전북특별자치도 전주시 완산구 효자로 194,전북특별자치도 전주시 완산구 효자동3가 1525-1 ,35.8185094,127.1062926,063-221-2920,햄버거,,"전라북도 전주시에서 식당을 찾으신다면? ""KFC 전북도청""을 방문해보세요!",폐업,False,True,효자5동
653084,미스터피자 전북도청점,전북특별자치도 전주시 완산구 홍산로 253 2층,전북특별자치도 전주시 완산구 효자동2가 1239-4,35.8163683,127.105507,063-223-0099,피자,,"어디 가야 할지 고민이시라고요? 그럼 전라북도 전주시 맛집, ""미스터피자 전북도청점""을 추천합니다!",폐업,False,True,효자5동
864859,대성휴게실,전북특별자치도 전주시 완산구 중화산동2가  635-8번지,전북특별자치도 전주시 완산구 중화산동2가 635-8,35.814205,127.1198712,063-224-5027,한식,,"""대성휴게실""을 전라북도 전주시의 가 볼 만한 식당으로 추천합니다!",폐업,False,True,중화산2동
487153,소문난식당,전북특별자치도 전주시 덕진구 두간11길 19,전북특별자치도 전주시 덕진구 송천동1가 828-9,35.8635793,127.1151432,063-211-6785,백반,,"전라북도 전주시에서 식당을 찾으신다면? ""소문난식당""을 방문해보세요!",폐업,False,True,송천2동
643902,정승댁전주점,전북특별자치도 전주시 완산구 효자천변1길 32-16,전북특별자치도 전주시 완산구 효자동1가 667-4,35.7992167,127.114575,063-223-2807,한식,,"전라북도 전주시에서 어디를 갈지 고민이라면! ""정승댁전주점""에 가보시는 건 어떨까요?",폐업,False,True,효자3동
617681,서예카페 서화각,전북특별자치도 전주시 완산구 태조로 25-6,전북특별자치도 전주시 완산구 교동 70-9,35.8142485,127.1518758,063-282-7576,카페,,"전라북도 전주시에서 가 볼 만한 식당을 찾으신다면? ""서예카페 서화각""을 추천합니다!",폐업,False,True,풍남동
613502,디디치킨,전북특별자치도 전주시 완산구 문학대4길 28-4,전북특별자치도 전주시 완산구 효자동3가 1619-2,35.8266748,127.1046505,050-7964-1084,치킨,,"전라북도 전주시에서 식당을 찾으신다면? ""디디치킨""을 방문해보세요!",폐업,False,True,효자5동
577699,미각,전북특별자치도 전주시 덕진구 두간11길 19,전북특별자치도 전주시 덕진구 송천동1가 828-9,35.8635996,127.1150824,050-7416-9565,중식,,"전라북도 전주시에서 맛집을 찾으신다면 ""미각""을 추천합니다.",폐업,False,True,송천2동
570382,두거리,전북특별자치도 전주시 완산구 우전로 93,전북특별자치도 전주시 완산구 효자동2가 1212-3,35.803483,127.10095,063-222-1592,한식,,"""두거리""를 전라북도 전주시의 가 볼 만한 식당으로 추천합니다!",폐업,False,True,효자4동
560542,"아무튼, 커피",전북특별자치도 전주시 완산구 용호로 111,전북특별자치도 전주시 완산구 효자동3가 1730-2,35.8130026,127.0968216,050-7133-3120,케이크전문,,"전라북도 전주시에서 맛집을 찾으신다면 ""아무튼, 커피""를 추천합니다.",폐업,False,True,효자4동
545352,신수초밥,전북특별자치도 전주시 완산구 서원로 138 ,전북특별자치도 전주시 완산구 효자동2가 1159-3,35.8134281,127.109531,063-284-7773,해물,,"전라북도 전주시에서 가 볼 만한 식당을 찾으신다면? ""신수초밥""을 추천합니다!",폐업,False,True,효자4동
540392,하나참치전문점,전북특별자치도 전주시 완산구 홍산남로 50,전북특별자치도 전주시 완산구 효자동2가 1155-2,35.8155893,127.1072923,063-225-3434,생선회,,"""하나참치전문점""은 전라북도 전주시에 있습니다.",폐업,False,True,효자5동
527905,쌈촌,전북특별자치도 전주시 덕진구 송천로 1,전북특별자치도 전주시 덕진구 송천동1가 292-7,35.8537462,127.1187034,063-275-7255,샤브샤브,,"전라북도 전주시에서 맛집을 찾으신다면 ""쌈촌""을 추천합니다.",폐업,False,True,송천2동
515961,한국닭집,전북특별자치도 전주시 완산구 풍남문2길 63,전북특별자치도 전주시 완산구 전동3가 2-242,35.8122394,127.1466418,063-231-1722,치킨,,"전라북도 전주시에서 맛집을 찾으신다면 ""한국닭집""을 추천합니다.",폐업,False,True,풍남동
493596,임실N치즈피자 송천점,전북특별자치도 전주시 덕진구 천마산로 12,전북특별자치도 전주시 덕진구 송천동2가 193-73,35.8636502,127.1229044,050-4054-4010,피자,,"전라북도 전주시에서 식당을 찾으신다면? ""임실N치즈피자 송천점""을 방문해보세요!",폐업,False,True,송천1동
620443,헤이버블,전북특별자치도 전주시 완산구 전주객사4길 11-2,전북특별자치도 전주시 완산구 고사동 418,35.8182024,127.1437076,063-286-5630,카페,,"무엇을 먹을지 고민되신다고요? 전라북도 전주시에 계시다면 ""헤이버블""을 추천합니다!",폐업,False,True,중앙동
240255,동하피순대,전북특별자치도 전주시 완산구 태평5길 33,전북특별자치도 전주시 완산구 태평동 41-5,35.8241337,127.1434918,063-227-7450,순대국,,"전라북도 전주시에 가신다면 ""동하피순대""에 방문해보세요~",폐업,False,True,노송동
863214,이연스시,전북특별자치도 전주시 완산구 서신로 30(서신동),전북특별자치도 전주시 완산구 다가동3가 53-3,35.8278691,127.116089,063-252-7083,,,"""이연스시""를 전라북도 전주시의 가 볼 만한 식당으로 추천합니다!",폐업,False,True,서신동
863339,홍루이젠아중점,전북특별자치도 전주시 덕진구 석소로 24,전북특별자치도 전주시 완산구 중화산동2가 633-3,35.8294949,127.1694652,063-244-3003,샌드위치,,"""홍루이젠아중점""을 전라북도 전주시의 가 볼 만한 식당으로 추천합니다!",폐업,False,True,우아2동
864378,파일럿츠,전북특별자치도 전주시 완산구 화산천변1길 18,전북특별자치도 전주시 완산구 중화산동2가 764-6,35.8194941,127.1143791,063-228-2193,카페,,"전라북도 전주시에서 가 볼 만한 식당을 찾으신다면? ""파일럿츠""를 추천합니다!",폐업,False,True,중화산2동
864871,수참치회,전북특별자치도 전주시 완산구 중산5길 17,전북특별자치도 전주시 완산구 중화산동2가 629-1,35.8161896,127.1221148,063-229-1544,생선회,,"전라북도 전주시에 가신다면 ""수참치회""에 방문해보세요~",폐업,False,True,중화산2동
864357,철이네쪽갈비,전북특별자치도 전주시 완산구 효자로 278,전북특별자치도 전주시 완산구 중화산동2가 772-3 수협,35.8188595,127.1156088,063-222-8292,,,"""철이네쪽갈비""는 전라북도 전주시에 있습니다.",폐업,False,True,중화산2동
864330,옛맛촌순대,전북특별자치도 전주시 덕진구 진버들6길 7-9 옛맛촌순대,전북특별자치도 전주시 덕진구 우아동2가 861-2,35.8359432,127.1659419,050-7149-5733,순대,,"전라북도 전주시에서 가 볼 만한 식당을 찾으신다면? ""옛맛촌순대""를 추천합니다!",폐업,False,True,우아2동
864244,달달하니,전북특별자치도 전주시 완산구 봉곡3길 36(1층 효자동2가)	,전북특별자치도 전주시 완산구 효자동2가 1254-3,35.8119766,127.1009169,,,,"""달달하니""를 전라북도 전주시의 가 볼 만한 식당으로 추천합니다!",폐업,False,True,효자4동
864180,해밀,전북특별자치도 전주시 완산구 전주객사4길 74-6,전북특별자치도 전주시 완산구 고사동 173,35.8209443,127.1434359,063-231-2929,카페,,"""해밀""은 전라북도 전주시에 있습니다.",폐업,False,True,중앙동
864659,달콤한 커피공장,전북특별자치도 전주시 덕진구 삼송3길 49,전북특별자치도 전주시 덕진구 금암동 631-320,35.8437831,127.1378073,063-277-8999,카페,,"전라북도 전주시에 가신다면 ""달콤한 커피공장""에 방문해보세요~",폐업,False,True,금암1동
863930,카페곡선,전북특별자치도 전주시 덕진구 오정1길 22 ,전북특별자치도 전주시 덕진구 중동 779-12,35.8341651,127.0597786,,카페,,"전라북도 전주시에서 맛집을 찾으신다면 ""카페곡선""을 추천합니다.",폐업,False,True,혁신동
864863,로하스커피,전북특별자치도 전주시 완산구 화산천변1길 10,전북특별자치도 전주시 완산구 중화산동2가 762-7,35.8195321,127.1152439,,카페,,"어디 가야 할지 고민이시라고요? 그럼 전라북도 전주시 맛집, ""로하스커피""를 추천합니다!",폐업,False,True,중화산2동
863880,혼초밥,전북특별자치도 전주시 덕진구 세병남로 37,전북특별자치도 전주시 덕진구 송천동2가 1326-12,35.8730761,127.1276561,063-231-1103,,,"무엇을 먹을지 고민되신다고요? 전라북도 전주시에 계시다면 ""혼초밥""을 추천합니다!",폐업,False,True,송천1동
863863,셀렉토커피송천점,전북특별자치도 전주시 덕진구 사근1길 20,전북특별자치도 전주시 덕진구 송천동2가 175-59,35.8663436,127.1292077,063-277-3535,카페,,"어디 가야 할지 고민이시라고요? 그럼 전라북도 전주시 맛집, ""셀렉토커피송천점""을 추천합니다!",폐업,False,True,송천1동
863753,못난이꽈배기전주만성점,전북특별자치도 전주시 덕진구 만성로 140,전북특별자치도 전주시 덕진구 만성동 1372-1,35.8434852,127.0770598,063-213-0509,,,"""못난이꽈배기전주만성점""은 전라북도 전주시에 있습니다.",폐업,False,True,여의동
863710,혜화동돈까스극장혁신점,전북특별자치도 전주시 덕진구 오공로 33,전북특별자치도 전주시 완산구 삼천동1가 698-6,35.8362099,127.0589926,050-7132-3248,,,"어디 가야 할지 고민이시라고요? 그럼 전라북도 전주시 맛집, ""혜화동돈까스극장혁신점""을 추천합니다!",폐업,False,True,혁신동
863583,누룩꽃 피는날 평화점,전북특별자치도 전주시 완산구 평화18길 29(평화동1가),전북특별자치도 전주시 덕진구 송천동2가 1299-8,35.794803,127.1333166,063-224-9695,술집,,"어디 가야 할지 고민이시라고요? 그럼 전라북도 전주시 맛집, ""누룩꽃 피는날 평화점""을 추천합니다!",폐업,False,True,평화2동
864674,꼬르륵,전북특별자치도 전주시 완산구 백마산길 14,전북특별자치도 전주시 완산구 효자동3가 1169-10,35.8178468,127.0914967,063-222-6615,음식점,,"전라북도 전주시에서 맛집을 찾으신다면 ""꼬르륵""을 추천합니다.",폐업,False,True,효자4동
863457,1250오뎅꼬치사케,전북특별자치도 전주시 완산구 평화18길 21-3(1층 평화동1가),전북특별자치도 전주시 완산구 서신동 946-16,35.7945508,127.1344577,,술집,,"어디 가야 할지 고민이시라고요? 그럼 전라북도 전주시 맛집, ""1250오뎅꼬치사케""를 추천합니다!",폐업,False,True,평화2동
863580,시래뜰(평화점),전북특별자치도 전주시 완산구 평화18길 32(평화동1가),전북특별자치도 전주시 완산구 다가동4가 55-6,35.7951685,127.1330939,063-223-7887,한식,,"""시래뜰(평화점)""은 전라북도 전주시에 있습니다.",폐업,False,True,평화2동
882092,유어재즈(Yoo`re Jazz),,전북특별자치도 전주시 완산구 서신천변9,0.0,0.0,,,일반음식점,"전라북도 전주시에서 맛집을 찾으신다면 ""유어재즈(Yoo`re Jazz)""를 추천합니다.",신규,True,False,
877643,떡볶이참잘하는집전주인후점,,전북특별자치도 전주시 덕진구 안골4,0.0,0.0,,,일반음식점,"전라북도 전주시에서 가 볼 만한 식당을 찾으신다면? ""떡볶이참잘하는집전주인후점""을 추천합니다!",신규,True,False,
942935,웃을꽃,,전북특별자치도 전주시 완산구 봉곡1,0.0,0.0,,,휴게음식점,"""웃을꽃""은 전라북도 전주시에 있습니다.",신규,True,False,
887606,나무카페,,전북특별자치도 전주시 완산구 서신천변11,0.0,0.0,,,휴게음식점,"""나무카페""를 전라북도 전주시의 가 볼 만한 식당으로 추천합니다!",신규,True,False,
