도로명 주소,Longitude,Latitude,ADDRESS,CODE,행정동
,,,['NaN'],['NaN'],
,,,['NaN'],['NaN'],
,,,['NaN'],['NaN'],
,,,['NaN'],['NaN'],
,,,['NaN'],['NaN'],
,,,['NaN'],['NaN'],
,,,['NaN'],['NaN'],
,,,['NaN'],['NaN'],
,,,['NaN'],['NaN'],
,,,['NaN'],['NaN'],
,,,['NaN'],['NaN'],
,,,['NaN'],['NaN'],
,,,['NaN'],['NaN'],
,,,['NaN'],['NaN'],
,,,['NaN'],['NaN'],
,,,['NaN'],['NaN'],
,,,['NaN'],['NaN'],
,,,['NaN'],['NaN'],
,,,['NaN'],['NaN'],
,,,['NaN'],['NaN'],
,,,['NaN'],['NaN'],
,,,['NaN'],['NaN'],
,,,['NaN'],['NaN'],
,,,['NaN'],['NaN'],
,,,['NaN'],['NaN'],
,,,['NaN'],['NaN'],
,,,['NaN'],['NaN'],
,,,['NaN'],['NaN'],
,,,['NaN'],['NaN'],
,,,['NaN'],['NaN'],
,,,['NaN'],['NaN'],
,,,['NaN'],['NaN'],
,,,['NaN'],['NaN'],
,,,['NaN'],['NaN'],
,,,['NaN'],['NaN'],
,,,['NaN'],['NaN'],
,,,['NaN'],['NaN'],
,,,['NaN'],['NaN'],
,,,['NaN'],['NaN'],
,,,['NaN'],['NaN'],
,,,['NaN'],['NaN'],
,,,['NaN'],['NaN'],
,,,['NaN'],['NaN'],
,,,['NaN'],['NaN'],
,,,['NaN'],['NaN'],
,,,['NaN'],['NaN'],
,,,['NaN'],['NaN'],
,,,['NaN'],['NaN'],
,,,['NaN'],['NaN'],
,,,['NaN'],['NaN'],
,,,['NaN'],['NaN'],
,,,['NaN'],['NaN'],
,,,['NaN'],['NaN'],
,,,['NaN'],['NaN'],
,,,['NaN'],['NaN'],
,,,['NaN'],['NaN'],
,,,['NaN'],['NaN'],
,,,['NaN'],['NaN'],
,,,['NaN'],['NaN'],
,,,['NaN'],['NaN'],
,,,['NaN'],['NaN'],
,,,['NaN'],['NaN'],
,,,['NaN'],['NaN'],
,,,['NaN'],['NaN'],
,,,['NaN'],['NaN'],
,,,['NaN'],['NaN'],
,,,['NaN'],['NaN'],
,,,['NaN'],['NaN'],
,,,['NaN'],['NaN'],
,,,['NaN'],['NaN'],
,,,['NaN'],['NaN'],
,,,['NaN'],['NaN'],
,,,['NaN'],['NaN'],
,,,['NaN'],['NaN'],
,,,['NaN'],['NaN'],
,,,['NaN'],['NaN'],
,,,['NaN'],['NaN'],
,,,['NaN'],['NaN'],
,,,['NaN'],['NaN'],
,,,['NaN'],['NaN'],
