행정동,인구수,세대수,연간 쓰레기 배출량 예측 값
중앙동,9646,4885,5356.276062858655
풍남동,3549,2242,3865.5907845240727
노송동,10362,5456,5543.957057344829
완산동,4881,2594,4179.549453532512
동서학동,5823,3113,4415.869800469562
서서학동,7916,4306,4943.050611403625
중화산1동,13510,6330,6265.642156800997
중화산2동,18950,9204,7579.442694062964
서신동,38869,17539,13481.424214227132
평화1동,11847,7009,5951.009366915445
평화2동,43236,18596,14600.524079384028
삼천1동,11582,5336,5801.701957749043
삼천2동,12294,6038,5996.008437401135
삼천3동,20663,9155,7927.700254642303
효자1동,12809,5881,6090.949600260108
효자2동,9115,4453,5216.675226954831
효자3동,13835,5970,6307.656996774109
효자4동,38595,16731,13201.010236082635
효자5동,36079,18556,13331.219519519444
진북동,12531,6522,6077.859047563616
인후1동,17185,7423,7094.971849071371
인후2동,10241,5707,5529.012678813073
인후3동,30137,14449,10966.99384708856
덕진동,20643,10992,8205.551263992951
금암1동,8041,5834,5043.152546850688
금암2동,9449,5175,5326.218085775821
팔복동,7354,4506,4825.418581056583
우아1동,11939,5933,5915.936264612392
우아2동,13795,7669,6415.999190617062
호성동,18593,7887,7415.815795966395
송천1동,64691,24347,20316.69223577102
송천2동,26465,11126,9336.11994972919
조촌동,12032,6263,5956.37390379858
여의동,15887,7125,6808.094792072676
혁신동,35931,13029,11651.892230457823
