행정동,원룸 및 주택 밀집_saved,쓰레기 민원 빈도_saved,연간 쓰레기 배출량 예측 값_saved,전체 인구 대비 지역 인구 비율,원룸 및 주택 밀집_rebuilt,쓰레기 민원 빈도_rebuilt,연간 쓰레기 배출량 예측 값_rebuilt,원룸 및 주택 밀집_difference,쓰레기 민원 빈도_difference,연간 쓰레기 배출량 예측 값_difference
효자5동,1.0,0.658823529,0.352183511,0.532007195,1.0,0.6588235294117646,0.352183510763009,0.0,4.1176462239889133e-10,-2.369909823940475e-10
서신동,0.523297491,0.6,0.480663667,0.577610835,0.5232974910394266,0.6000000000000001,0.480663667287232,3.9426573117395947e-11,1.1102230246251565e-16,2.872319604385609e-10
효자4동,0.482437276,0.517647059,0.501791431,0.573166861,0.4824372759856631,0.5176470588235293,0.5017914306137871,-1.433692053964819e-11,-1.764706158979834e-10,-3.862129505094458e-10
삼천2동,0.386379928,0.294117647,0.0,0.142947836,0.3863799283154122,0.29411764705882354,0.0,3.1541219636110895e-10,5.882355713637821e-11,0.0
중화산2동,0.35483871,0.529411765,0.073435876,0.251825204,0.3548387096774194,0.5294117647058822,0.07343587636275906,-3.2258062887535743e-10,-2.9411773017073983e-10,3.6275905890281734e-10
인후3동,0.349103943,0.458823529,0.740252118,0.434874616,0.34910394265232975,0.4588235294117647,0.7402521182565419,-3.476702814531052e-10,4.1176467791004256e-10,2.56541898835394e-10
덕진동,0.292473118,0.647058824,0.101511657,0.279547138,0.2924731182795699,0.6470588235294117,0.1015116571672795,2.795699227675641e-10,-4.705883460687232e-10,1.6727949581074597e-10
우아2동,0.270250896,0.294117647,0.027784983,0.167495503,0.2702508960573477,0.29411764705882354,0.027784982508790246,5.734768215859276e-11,5.882355713637821e-11,-4.912097534282012e-10
혁신동,0.238709677,0.529411765,0.812139576,0.52957359,0.23870967741935484,0.5294117647058822,0.8121395760229574,4.193548286401949e-10,-2.9411773017073983e-10,2.2957413747803912e-11
금암1동,0.218637993,1.0,0.0,0.073431383,0.21863799283154123,1.0,0.0,-1.684587747075028e-10,0.0,0.0
평화2동,0.153405018,0.270588235,0.552868197,0.649137657,0.15340501792114697,0.27058823529411763,0.5528681968536943,-7.885303521248943e-11,2.9411761914843737e-10,-1.4630574529661544e-10
송천1동,0.14265233,0.376470588,1.0,1.0,0.14265232974910394,0.3764705882352941,1.0,-2.508960539326921e-10,2.352941175232104e-10,0.0
인후2동,0.104659498,0.388235294,0.0,0.109406412,0.1046594982078853,0.38823529411764707,0.0,2.0788529231374753e-10,1.176470587616052e-10,0.0
우아1동,0.101792115,0.270588235,0.0,0.137234155,0.1017921146953405,0.27058823529411763,0.0,-3.046595059563728e-10,2.9411761914843737e-10,0.0
인후1동,0.091756272,0.717647059,0.04617844,0.22304518,0.09175627240143369,0.7176470588235293,0.04617844004826588,4.014336918434225e-10,-1.7647072692028587e-10,4.826587740591748e-11
금암2동,0.091039427,0.305882353,0.0,0.096497725,0.09103942652329748,0.30588235294117644,0.0,-4.767025246765755e-10,-5.882355713637821e-11,0.0
중화산1동,0.08172043,0.270588235,0.012629538,0.162839911,0.08172043010752687,0.27058823529411763,0.012629537503995647,1.0752687629178581e-10,2.9411761914843737e-10,-4.960043521740065e-10
효자2동,0.061648746,0.258823529,0.0,0.090995662,0.06164874551971326,0.25882352941176473,0.0,-4.802867339948058e-10,4.117647334211938e-10,0.0
노송동,0.056630824,0.211764706,0.0,0.111416781,0.05663082437275985,0.2117647058823529,0.0,3.727598438252322e-10,-1.176470865171808e-10,0.0
팔복동,0.051612903,0.541176471,0.0,0.062215639,0.051612903225806445,0.5411764705882354,0.0,2.2580644298830777e-10,-4.1176462239889133e-10,0.0
진북동,0.051612903,0.235294118,0.0,0.146862766,0.051612903225806445,0.23529411764705882,0.0,2.2580644298830777e-10,-3.529411762848156e-10,0.0
송천2동,0.045878136,0.352941176,0.060166611,0.374775156,0.045878136200716846,0.35294117647058826,0.06016661124412914,2.0071684592171124e-10,4.705882350464208e-10,2.441291405141932e-10
삼천1동,0.039426523,0.047058824,0.0,0.131308856,0.03942652329749104,0.047058823529411764,0.0,2.974910387476548e-10,-4.705882350464208e-10,0.0
평화1동,0.037275986,0.082352941,0.0,0.135647021,0.037275985663082434,0.08235294117647057,0.0,-3.3691756329279343e-10,1.7647057426461998e-10,0.0
효자3동,0.025806452,0.058823529,0.012629538,0.168236165,0.025806451612903226,0.058823529411764705,0.012629537503995647,-3.8709677477322124e-10,4.117647056656182e-10,-4.960043521740065e-10
중앙동,0.023655914,0.141176471,0.0,0.099671992,0.023655913978494623,0.1411764705882353,0.0,-2.1505377340025333e-11,-4.117647056656182e-10,0.0
완산동,0.02078853,0.082352941,0.0,0.021796635,0.020788530465949823,0.08235294117647057,0.0,4.659498238634985e-10,1.7647057426461998e-10,0.0
효자1동,0.02078853,0.082352941,0.012629538,0.151412549,0.020788530465949823,0.08235294117647057,0.012629537503995647,4.659498238634985e-10,1.7647057426461998e-10,-4.960043521740065e-10
삼천3동,0.017204301,0.764705882,0.080011483,0.279864565,0.017204301075268817,0.7647058823529411,0.08001148302477468,7.526881548591824e-11,3.5294112077366435e-10,2.47746823056616e-11
동서학동,0.015770609,0.035294118,0.0,0.037138927,0.015770609318996414,0.03529411764705882,0.0,3.189964126182332e-10,-3.529411762848156e-10,0.0
서서학동,0.01218638,0.0,0.0,0.071421014,0.012186379928315411,0.0,0.0,-7.168458882045314e-11,0.0,0.0
풍남동,0.010752688,0.0,0.0,0.0,0.010752688172043012,0.0,0.0,1.7204301178130876e-10,0.0,0.0
조촌동,0.003584229,0.247058824,0.0,0.13871548,0.0035842293906810027,0.24705882352941178,0.0,3.9068100273972894e-10,-4.705882350464208e-10,0.0
여의동,0.002150538,0.4,0.029566641,0.20177759,0.0021505376344086013,0.39999999999999997,0.02956664109713003,-3.655913987342385e-10,-5.551115123125783e-17,9.713002971367679e-11
호성동,0.0,0.141176471,0.04617844,0.246005714,0.0,0.1411764705882353,0.04617844004826588,0.0,-4.117647056656182e-10,4.826587740591748e-11
