행정동,distance_to_medoid,threshold,outlier
중앙동,0.07791048502895828,0.34221206065640764,False
풍남동,0.21667739623387333,0.34221206065640764,False
노송동,0.0,0.34221206065640764,False
완산동,0.13428356145408424,0.34221206065640764,False
동서학동,0.18113924391569738,0.34221206065640764,False
서서학동,0.21637837068296528,0.34221206065640764,False
중화산1동,0.06518589683319259,0.34221206065640764,False
중화산2동,0.32463496821671683,0.34221206065640764,False
서신동,0.34301654774089924,0.34221206065640764,True
평화1동,0.13085111625724977,0.34221206065640764,False
평화2동,0.32991412381528445,0.34221206065640764,False
삼천1동,0.16560197962931905,0.34221206065640764,False
삼천2동,0.3398771520290786,0.34221206065640764,False
삼천3동,0.0944309488337373,0.34221206065640764,False
효자1동,0.13487616577571312,0.34221206065640764,False
효자2동,0.04732559988641835,0.34221206065640764,False
효자3동,0.1565268367846582,0.34221206065640764,False
효자4동,0.27946642900586477,0.34221206065640764,False
효자5동,0.7837492721481223,0.34221206065640764,True
진북동,0.02405852760727725,0.34221206065640764,False
인후1동,0.0,0.34221206065640764,False
인후2동,0.1828896443828124,0.34221206065640764,False
인후3동,0.0,0.34221206065640764,False
덕진동,0.21984475453816302,0.34221206065640764,False
금암1동,0.3129770002661518,0.34221206065640764,False
금암2동,0.10021019603734564,0.34221206065640764,False
팔복동,0.18677742616861556,0.34221206065640764,False
우아1동,0.07416029770744696,0.34221206065640764,False
우아2동,0.2306242554458604,0.34221206065640764,False
호성동,0.10159821630504817,0.34221206065640764,False
송천1동,0.3418672804773398,0.34221206065640764,False
송천2동,0.1538389978493042,0.34221206065640764,False
조촌동,0.06371511578642178,0.34221206065640764,False
여의동,0.19817874220111634,0.34221206065640764,False
혁신동,0.149457015032364,0.34221206065640764,False
