업소명,업소위치,지번주소,도로명주소,전화번호,Longitude,Latitude,행정동,coordinate_status,coordinate_source
전주환영돌솥밥,완산구 중화산동2가,전북특별자치도 전주시 완산구 중화산동2가 631-9,전북특별자치도 전주시 완산구 중산2길 18,0507-0090-7364,,,,unmatched_or_ambiguous,기존 주택 CSV의 건물 좌표; 음식점 자체 측량 좌표 아님
참치담,덕진구 송천동,전북특별자치도 전주시 덕진구 송천동2가 1342 에코시티 데시앙 네스트 상가 114호,전북특별자치도 전주시 덕진구 세병로 92 에코시티 데시앙 네스트 상가 114호,070-7576-1793,,,,unmatched_or_ambiguous,기존 주택 CSV의 건물 좌표; 음식점 자체 측량 좌표 아님
더썬,완산구 중앙동3가,전북특별자치도 전주시 완산구 중앙동3가 87,전북특별자치도 전주시 완산구 전라감영5길 11,010-7232-0765,,,,unmatched_or_ambiguous,기존 주택 CSV의 건물 좌표; 음식점 자체 측량 좌표 아님
아카시아,완산구 효자5동,전북특별자치도 전주시 완산구 효자동3가 1663-8,전북특별자치도 전주시 완산구 마전들로 37-1,010-9348-1784,,,,unmatched_or_ambiguous,기존 주택 CSV의 건물 좌표; 음식점 자체 측량 좌표 아님
블리스플,완산구 중화산동2가,전북특별자치도 전주시 완산구 중화산동2가 704-8,전북특별자치도 전주시 완산구 중화산로 120,063-223-9702,,,,unmatched_or_ambiguous,기존 주택 CSV의 건물 좌표; 음식점 자체 측량 좌표 아님
엄자매,완산구 효자동,전북특별자치도 전주시 완산구 효자동3가 1526-2,전북특별자치도 전주시 완산구 홍산북로 83,0507-1413-2003,,,,unmatched_or_ambiguous,기존 주택 CSV의 건물 좌표; 음식점 자체 측량 좌표 아님
진삼미샌드위치,완산구 효자동1가,전북특별자치도 전주시 완산구 효자동1가 652,전북특별자치도 전주시 완산구 거마평로 125,063-221-9801,,,,unmatched_or_ambiguous,기존 주택 CSV의 건물 좌표; 음식점 자체 측량 좌표 아님
옥류관_송천점,덕진구 송천1동,전북특별자치도 전주시 덕진구 송천동2가 614-11,전북특별자치도 전주시 덕진구 시천로 114,063-255-1656,,,,unmatched_or_ambiguous,기존 주택 CSV의 건물 좌표; 음식점 자체 측량 좌표 아님
한솥도시락_전주대앞점,완산구 효자4동,전북특별자치도 전주시 완산구 효자동3가 1173-1,전북특별자치도 전주시 완산구 백마산길 26-1,063-221-7771,,,,unmatched_or_ambiguous,기존 주택 CSV의 건물 좌표; 음식점 자체 측량 좌표 아님
반올림피자샵_전주에코시티점,덕진구 송천1동,전북특별자치도 전주시 덕진구 송천동2가 1345,"전북특별자치도 전주시 덕진구 세병로 134, 데시앙네스트8블럭 상가동 1층 103호",063-271-8288,,,,unmatched_or_ambiguous,기존 주택 CSV의 건물 좌표; 음식점 자체 측량 좌표 아님
방가네소고기국밥수육_서신중화산점,완산구 서신동,전북특별자치도 전주시 완산구 서신동 849-4 1층,전북특별자치도 전주시 완산구 서신천변4길 12-6 1층,063-271-6663,,,,unmatched_or_ambiguous,기존 주택 CSV의 건물 좌표; 음식점 자체 측량 좌표 아님
따박골감자탕,완산구 중화산동1가,전북특별자치도 전주시 완산구 중화산동1가 252-2,전북특별자치도 전주시 완산구 서원로 333,0507-1413-8010,,,,unmatched_or_ambiguous,기존 주택 CSV의 건물 좌표; 음식점 자체 측량 좌표 아님
서가앤쿡_전주전북대점,덕진구 덕진동1가,전북특별자치도 전주시 덕진구 덕진동1가 664-6 2층,전북특별자치도 전주시 덕진구 권삼득로 333 2층,063-277-9947,,,,unmatched_or_ambiguous,기존 주택 CSV의 건물 좌표; 음식점 자체 측량 좌표 아님
망고식스_전주대학교점,완산구 효자4동,"전북특별자치도 전주시 완산구 효자동3가 1080-1, 62동","전북특별자치도 전주시 완산구 천잠로 303, 62동",063-225-9606,,,,unmatched_or_ambiguous,기존 주택 CSV의 건물 좌표; 음식점 자체 측량 좌표 아님
신포우리만두_중화산점,완산구 중화산동2가,전북특별자치도 전주시 완산구 중화산동2가 119-13 1층,전북특별자치도 전주시 완산구 서원로281,063-226-7501,,,,unmatched_or_ambiguous,기존 주택 CSV의 건물 좌표; 음식점 자체 측량 좌표 아님
11초,완산구 효자4동,전북특별자치도 전주시 완산구 효자동3가 1635-4 1층,전북특별자치도 전주시 완산구 척동10길 10-6 1층,010-8358-6555,,,,unmatched_or_ambiguous,기존 주택 CSV의 건물 좌표; 음식점 자체 측량 좌표 아님
폰타나,완산구 효자동,전북특별자치도 전주시 완산구 효자동3가 1526-2,전북특별자치도 전주시 완산구 홍산북로 83,063-237-2350,,,,unmatched_or_ambiguous,기존 주택 CSV의 건물 좌표; 음식점 자체 측량 좌표 아님
서양주택,완산구 고사동,전북특별자치도 전주시 완산구 고사동 486-2,전북특별자치도 전주시 완산구 전주객사2길 40,063-906-9993,,,,unmatched_or_ambiguous,기존 주택 CSV의 건물 좌표; 음식점 자체 측량 좌표 아님
고귀_송천동센트럴파크본점,덕진구 송천1동,전북특별자치도 전주시 덕진구 송천동1가 292-7 센트럴파크 1-103,전북특별자치도 전주시 덕진구 송천로 1 센트럴파크 1-103,063-275-9595,,,,unmatched_or_ambiguous,기존 주택 CSV의 건물 좌표; 음식점 자체 측량 좌표 아님
배떡_전주에코시티점,덕진구 송천1동,전북특별자치도 전주시 덕진구 송천동2가 1342 에코시티 데시앙 네스트 3블럭 115호,"전북특별자치도 전주시 덕진구 세병로 92, 에코시티 데시앙 네스트 3블럭 1층 115호",063-252-9125,,,,unmatched_or_ambiguous,기존 주택 CSV의 건물 좌표; 음식점 자체 측량 좌표 아님
신진통닭_전주송천점,덕진구 송천2동,전북특별자치도 전주시 덕진구 송천동2가 1345,"전북특별자치도 전주시 덕진구 세병로 134, 1층 101호",063-901-8295,,,,unmatched_or_ambiguous,기존 주택 CSV의 건물 좌표; 음식점 자체 측량 좌표 아님
가정식당,완산구 효자동,전북특별자치도 전주시 완산구 효자동1가 181-9,"전북특별자치도 전주시 완산구 용머리로 136, 1층",063-228-1921,,,,unmatched_or_ambiguous,기존 주택 CSV의 건물 좌표; 음식점 자체 측량 좌표 아님
세븐다이얼즈,완산구 고사동,전북특별자치도 전주시 완산구 고사동 148-4 2층,전북특별자치도 전주시 완산구 전주객사4길 44-10 2층,010-9771-9907,,,,unmatched_or_ambiguous,기존 주택 CSV의 건물 좌표; 음식점 자체 측량 좌표 아님
마디다,완산구 다가동,전북특별자치도 전주시 완산구 다가동3가 24-8,"전북특별자치도 전주시 완산구 전주객사1길 12, 1층",070-4849-2580,,,,unmatched_or_ambiguous,기존 주택 CSV의 건물 좌표; 음식점 자체 측량 좌표 아님
크로플샵,완산구 효자동,전북특별자치도 전주시 완산구 효자동2가 1157-1 서희스타힐스 상가 105동 109호,전북특별자치도 전주시 완산구 홍산1길 21 서희스타힐스 상가 105동 109호,010-6359-4688,,,,unmatched_or_ambiguous,기존 주택 CSV의 건물 좌표; 음식점 자체 측량 좌표 아님
전당포,완산구 고사동,전북특별자치도 전주시 완산구 고사동 450-2,전북특별자치도 전주시 완산구 전주객사2길 16,0507-1344-1042,,,,unmatched_or_ambiguous,기존 주택 CSV의 건물 좌표; 음식점 자체 측량 좌표 아님
수복맛집,완산구 중화산동,전북특별자치도 전주시 완산구 중화산동2가 761-11,전북특별자치도 전주시 완산구 화산천변3길 3-4,063-905-1563,,,,unmatched_or_ambiguous,기존 주택 CSV의 건물 좌표; 음식점 자체 측량 좌표 아님
오리사냥_서곡점,완산구 효자동,전북특별자치도 전주시 완산구 효자동3가 710-1,전북특별자치도 전주시 완산구 천잠로 535-6,063-255-5292,,,,unmatched_or_ambiguous,기존 주택 CSV의 건물 좌표; 음식점 자체 측량 좌표 아님
가고파막걸리,덕진구 송천1동,전북특별자치도 전주시 덕진구 송천동2가 193,전북특별자치도 전주시 덕진구 붓내2길 17-1,확인불가,,,,unmatched_or_ambiguous,기존 주택 CSV의 건물 좌표; 음식점 자체 측량 좌표 아님
달인청국장,완산구 중화산동2가,전북특별자치도 전주시 완산구 중화산동2가 750-5,전북특별자치도 전주시 완산구 화산천변3길 8,063-229-2356,,,,unmatched_or_ambiguous,기존 주택 CSV의 건물 좌표; 음식점 자체 측량 좌표 아님
으라차가맥,완산구 중화산동2가,전북특별자치도 전주시 완산구 중화산동2가 635-10 1층,전북특별자치도 전주시 완산구 산월2길 36 1층,"0507-1495-1281, 063-237-1170",,,,unmatched_or_ambiguous,기존 주택 CSV의 건물 좌표; 음식점 자체 측량 좌표 아님
카페라이더_효자점,완산구 효자5동,전북특별자치도 전주시 완산구 효자동2가 1157-4 1층,전북특별자치도 전주시 완산구 홍산1길 7 1층,0508-8197-8377,,,,unmatched_or_ambiguous,기존 주택 CSV의 건물 좌표; 음식점 자체 측량 좌표 아님
지코바치킨_덕진1호점,덕진구 덕진동1가,전북특별자치도 전주시 덕진구 덕진동1가 664-6 원플러스 108호,전북특별자치도 전주시 덕진구 권삼득로 333 원플러스 108호,063-271-9293,,,,unmatched_or_ambiguous,기존 주택 CSV의 건물 좌표; 음식점 자체 측량 좌표 아님
앳커피,완산구 효자동,전북특별자치도 전주시 완산구 효자동1가 373-3,전북특별자치도 전주시 완산구 거마평로 207 뷰티빌상가 105호,0503-7500-4997,,,,unmatched_or_ambiguous,기존 주택 CSV의 건물 좌표; 음식점 자체 측량 좌표 아님
배떡_효자점,완산구 효자5동,전북특별자치도 전주시 완산구 효자동2가 1265-4,전북특별자치도 전주시 완산구 봉곡로 79,063-909-9500,,,,unmatched_or_ambiguous,기존 주택 CSV의 건물 좌표; 음식점 자체 측량 좌표 아님
고즈넉,완산구 중화산동,전북특별자치도 전주시 완산구 중화산동2가 195-12,전북특별자치도 전주시 완산구 선너머로 21,010-8643-7020,,,,unmatched_or_ambiguous,기존 주택 CSV의 건물 좌표; 음식점 자체 측량 좌표 아님
고봉민김밥인_서신점,완산구 서신동,전북특별자치도 전주시 완산구 서신동 763-1 서신신일아파트상가 115동 114호,"전북특별자치도 전주시 완산구 당산로27, 서신신일아파트상가 115동 114호",063-253-6668,,,,unmatched_or_ambiguous,기존 주택 CSV의 건물 좌표; 음식점 자체 측량 좌표 아님
갱꼬2,완산구 서신동,전북특별자치도 전주시 완산구 서신동 802-17,전북특별자치도 전주시 완산구 서신천변15길 3-5,063-272-0702,,,,unmatched_or_ambiguous,기존 주택 CSV의 건물 좌표; 음식점 자체 측량 좌표 아님
이삭토스트_전주혁신점,덕진구 혁신동,전북특별자치도 전주시 덕진구 중동 776-8,전북특별자치도 전주시 덕진구 오공로 43,063-228-1005,,,,unmatched_or_ambiguous,기존 주택 CSV의 건물 좌표; 음식점 자체 측량 좌표 아님
바른치킨_전주효자신시가지점,완산구 효자5동,전북특별자치도 전주시 완산구 효자동2가 1157-1 105동 1층 146호,전북특별자치도 전주시 완산구 홍산1길 21 105동 1층 146호,063-221-5851,,,,unmatched_or_ambiguous,기존 주택 CSV의 건물 좌표; 음식점 자체 측량 좌표 아님
원유로스페셜티_전주혁신점,덕진구 장동,전북특별자치도 전주시 덕진구 장동 1074 511동 1층 101호,전북특별자치도 전주시 덕진구 출판로 43 511동 1층 101호,0507-1461-5048,,,,unmatched_or_ambiguous,기존 주택 CSV의 건물 좌표; 음식점 자체 측량 좌표 아님
제주돈,완산구 중화산동,전북특별자치도 전주시 완산구 중화산동2가 767-3,전북특별자치도 전주시 완산구 효자로 267,063-224-0098,,,,unmatched_or_ambiguous,기존 주택 CSV의 건물 좌표; 음식점 자체 측량 좌표 아님
브로식당,완산구 고사동,전북특별자치도 전주시 완산구 고사동 288-17,전북특별자치도 전주시 완산구 전주객사4길 73-32,010-2595-8295,,,,unmatched_or_ambiguous,기존 주택 CSV의 건물 좌표; 음식점 자체 측량 좌표 아님
이토록,완산구 다가동1가,전북특별자치도 전주시 완산구 다가동1가 85,전북특별자치도 전주시 완산구 풍남문2길 137,0507-1311-3105,,,,unmatched_or_ambiguous,기존 주택 CSV의 건물 좌표; 음식점 자체 측량 좌표 아님
엠유이,덕진구 송천1동,전북특별자치도 전주시 덕진구 송천동1가 819-2,"전북특별자치도 전주시 덕진구 용소로 91-11, 1층",0507-1321-5410,,,,unmatched_or_ambiguous,기존 주택 CSV의 건물 좌표; 음식점 자체 측량 좌표 아님
홍익궁중전통육개장_덕진점,덕진구 덕진동2가,전북특별자치도 전주시 덕진구 덕진동2가 192-1,전북특별자치도 전주시 덕진구 송천중앙로 12,063-251-6676,,,,unmatched_or_ambiguous,기존 주택 CSV의 건물 좌표; 음식점 자체 측량 좌표 아님
돈기부여_돈까스전문점,완산구 중화산동2가,전북특별자치도 전주시 완산구 중화산동2가 545,전북특별자치도 전주시 완산구 서원로 274,0507-0090-7665,,,,unmatched_or_ambiguous,기존 주택 CSV의 건물 좌표; 음식점 자체 측량 좌표 아님
콩샌_송천점,덕진구 송천동,전북특별자치도 전주시 덕진구 송천동1가 138-6,전북특별자치도 전주시 덕진구 솔내로 119,063-285-5353,,,,unmatched_or_ambiguous,기존 주택 CSV의 건물 좌표; 음식점 자체 측량 좌표 아님
미쓰족발_전주혁신도시점,덕진구 혁신동,전북특별자치도 전주시 덕진구 혁신동 785-11,전북특별자치도 전주시 덕진구 오정2길 19,063-221-7123,,,,unmatched_or_ambiguous,기존 주택 CSV의 건물 좌표; 음식점 자체 측량 좌표 아님
효자할매집곰탕,완산구 효자동1가,전북특별자치도 전주시 완산구 효자동1가 358-26,전북특별자치도 전주시 완산구 서원로 199,063-236-7733,,,,unmatched_or_ambiguous,기존 주택 CSV의 건물 좌표; 음식점 자체 측량 좌표 아님
전주전집,완산구 풍남동,전북특별자치도 전주시 완산구 풍남동2가 21-4,전북특별자치도 전주시 완산구 동문길 36,0507-1303-6513,,,,unmatched_or_ambiguous,기존 주택 CSV의 건물 좌표; 음식점 자체 측량 좌표 아님
블레드전주아중점,덕진구 우아동1가,전북특별자치도 전주시 덕진구 우아동1가 1114-1,전북특별자치도 전주시 덕진구 아중로 236,0507-1392-1010,,,,unmatched_or_ambiguous,기존 주택 CSV의 건물 좌표; 음식점 자체 측량 좌표 아님
오색김밥반찬,완산구 효자동1가,"전북특별자치도 전주시 완산구 효자동1가 652, 114호",전북특별자치도 전주시 완산구 거마평로127 상산타운 114호,063-284-8282,,,,unmatched_or_ambiguous,기존 주택 CSV의 건물 좌표; 음식점 자체 측량 좌표 아님
손수짜글이,완산구 중화산동,전북특별자치도 전주시 완산구 중화산동2가 776-8 1층,전북특별자치도 전주시 완산구 신촌4길 6-5 1층,063-228-6777,,,,unmatched_or_ambiguous,기존 주택 CSV의 건물 좌표; 음식점 자체 측량 좌표 아님
명동닭발,완산구 서신동,전북특별자치도 전주시 완산구 서신동 799-5 1층,전북특별자치도 전주시 완산구 서신천변15길 11-8 1층,010-3270-8383,,,,unmatched_or_ambiguous,기존 주택 CSV의 건물 좌표; 음식점 자체 측량 좌표 아님
소금인형,완산구 풍남동,전북특별자치도 전주시 완산구 경원동2가 25-2 2층,전북특별자치도 전주시 완산구 동문길 71 2층,010-3656-1011,,,,unmatched_or_ambiguous,기존 주택 CSV의 건물 좌표; 음식점 자체 측량 좌표 아님
미아뜨,완산구 중화산동2가,전북특별자치도 전주시 완산구 중화산동2가 266-39,전북특별자치도 전주시 완산구 영선로 7-24,0507-1418-5042,,,,unmatched_or_ambiguous,기존 주택 CSV의 건물 좌표; 음식점 자체 측량 좌표 아님
글로리더안채,완산구 풍남동,전북특별자치도 전주시 완산구 교동 222-14,전북특별자치도 전주시 완산구 동문길 182,0507-1358-6699,,,,unmatched_or_ambiguous,기존 주택 CSV의 건물 좌표; 음식점 자체 측량 좌표 아님
예쁜하루_전북대점,덕진구 덕진동1가,전북특별자치도 전주시 덕진구 덕진동1가 664-6,전북특별자치도 전주시 덕진구 권삼득로 333,063-277-8179,,,,unmatched_or_ambiguous,기존 주택 CSV의 건물 좌표; 음식점 자체 측량 좌표 아님
청년피자_전주도청점,완산구 효자5동,전북특별자치도 전주시 완산구 효자동2가 1157-1 115호,전북특별자치도 전주시 완산구 홍산1길 21 115호,063-223-7482,,,,unmatched_or_ambiguous,기존 주택 CSV의 건물 좌표; 음식점 자체 측량 좌표 아님
풀입밥상_전주본점,완산구 중화산동2가,전북특별자치도 전주시 완산구 중화산동2가 773-2,전북특별자치도 전주시 완산구 신촌4길 18-7,"0507-1352-3653, 063-222-3652",,,,unmatched_or_ambiguous,기존 주택 CSV의 건물 좌표; 음식점 자체 측량 좌표 아님
모이세가맥,완산구 중화산동2가,전북특별자치도 전주시 완산구 중화산동2가 632-4,전북특별자치도 전주시 완산구 중산2길 15-4,063-903-3283,,,,unmatched_or_ambiguous,기존 주택 CSV의 건물 좌표; 음식점 자체 측량 좌표 아님
디에떼_전주에코시티점,덕진구 송천동,전북특별자치도 전주시 덕진구 송천동2가 1331-15,전북특별자치도 전주시 덕진구 세병남로 31,063-714-2342,,,,unmatched_or_ambiguous,기존 주택 CSV의 건물 좌표; 음식점 자체 측량 좌표 아님
야곱별미,덕진구 덕진동,전북특별자치도 전주시 덕진구 덕진동1가 1327-37,전북특별자치도 전주시 덕진구 창포길 93,063-219-7013,,,,unmatched_or_ambiguous,기존 주택 CSV의 건물 좌표; 음식점 자체 측량 좌표 아님
블루밍,완산구 효자동2가,전북특별자치도 전주시 완산구 효자동2가 1255-11,전북특별자치도 전주시 완산구 구룡2길 19-1,0507-1320-3995,,,,unmatched_or_ambiguous,기존 주택 CSV의 건물 좌표; 음식점 자체 측량 좌표 아님
원조함흥냉면_본점,완산구 고사동,전북특별자치도 전주시 완산구 고사동 367-3,전북특별자치도 전주시 완산구 전주객사4길 59,063-282-9946,,,,unmatched_or_ambiguous,기존 주택 CSV의 건물 좌표; 음식점 자체 측량 좌표 아님
24시풍천민물장어,완산구 중화산동2가,전북특별자치도 전주시 완산구 중화산동2가 591-5,전북특별자치도 전주시 완산구 효자로 305,063-226-2268,,,,unmatched_or_ambiguous,기존 주택 CSV의 건물 좌표; 음식점 자체 측량 좌표 아님
누미카롱,완산구 서신동,전북특별자치도 전주시 완산구 서신동 960-5,전북특별자치도 전주시 완산구 새터로 53,0507-1366-3301,,,,unmatched_or_ambiguous,기존 주택 CSV의 건물 좌표; 음식점 자체 측량 좌표 아님
땅땅치킨_전북도청점,완산구 효자5동,전북특별자치도 전주시 완산구 효자동2가 1157-4 1층119호,전북특별자치도 전주시 완산구 홍산1길 7 1층119호,063-221-0668,,,,unmatched_or_ambiguous,기존 주택 CSV의 건물 좌표; 음식점 자체 측량 좌표 아님
모란,완산구 풍남동,전북특별자치도 전주시 완산구 경원동3가 58-3,전북특별자치도 전주시 완산구 팔달로 192-1,063-285-5043,,,,unmatched_or_ambiguous,기존 주택 CSV의 건물 좌표; 음식점 자체 측량 좌표 아님
파스쿠찌_전주에코시티점,덕진구 송천동,전북특별자치도 전주시 덕진구 송천동2가 354-1,전북특별자치도 전주시 덕진구 과학로 65,063-903-9929,,,,unmatched_or_ambiguous,기존 주택 CSV의 건물 좌표; 음식점 자체 측량 좌표 아님
태권비어치킨,완산구 다가동,전북특별자치도 전주시 완산구 다가동3가 53-3,"전북특별자치도 전주시 완산구 전주객사2길 45, 1층",063-287-9664,,,,unmatched_or_ambiguous,기존 주택 CSV의 건물 좌표; 음식점 자체 측량 좌표 아님
더돌체카페,덕진구 덕진동,전북특별자치도 전주시 덕진구 덕진동2가 397-3,전북특별자치도 전주시 덕진구 가련산로 26-9,"0507-1332-6501, 063-278-6500",,,,unmatched_or_ambiguous,기존 주택 CSV의 건물 좌표; 음식점 자체 측량 좌표 아님
카페토투가,덕진구 덕진동2가,전북특별자치도 전주시 덕진구 덕진동2가 676-1 1층,전북특별자치도 전주시 덕진구 가리내9길 10 1층,010-7162-1615,,,,unmatched_or_ambiguous,기존 주택 CSV의 건물 좌표; 음식점 자체 측량 좌표 아님
본도시락_전주송천에코시티점,덕진구 송천동1가,전북특별자치도 전주시 덕진구 송천동1가 12-10,전북특별자치도 전주시 덕진구 천마산로 100,063-278-4282,,,,unmatched_or_ambiguous,기존 주택 CSV의 건물 좌표; 음식점 자체 측량 좌표 아님
핸즈커피_중화산점,완산구 중화산동2가,전북특별자치도 전주시 완산구 중화산동2가 755-12,"전북특별자치도 전주시 완산구 효자로289, 1층",063-224-8118,,,,unmatched_or_ambiguous,기존 주택 CSV의 건물 좌표; 음식점 자체 측량 좌표 아님
강경원달인만두가_동서로마트점,덕진구 송천동,전북특별자치도 전주시 덕진구 송천동1가 97-28,전북특별자치도 전주시 덕진구 천마산로 68,063-241-0822,,,,unmatched_or_ambiguous,기존 주택 CSV의 건물 좌표; 음식점 자체 측량 좌표 아님
13_11컴패니언,완산구 중화산동2가,전북특별자치도 전주시 완산구 중화산동2가 550-1,전북특별자치도 전주시 완산구 따박골6길41,0507-1498-5616,,,,unmatched_or_ambiguous,기존 주택 CSV의 건물 좌표; 음식점 자체 측량 좌표 아님
롯데리아_전주효자씨지브이점,완산구 효자동1가,전북특별자치도 전주시 완산구 효자동1가 434,전북특별자치도 전주시 완산구 용머리로 45,0507-1399-0222,,,,unmatched_or_ambiguous,기존 주택 CSV의 건물 좌표; 음식점 자체 측량 좌표 아님
오랄라,덕진구 송천동,전북특별자치도 전주시 덕진구 송천동1가 819-1 1층,전북특별자치도 전주시 덕진구 두간5길 9 1층,010-7204-7580,,,,unmatched_or_ambiguous,기존 주택 CSV의 건물 좌표; 음식점 자체 측량 좌표 아님
오늘의날씨,덕진구 송천동,전북특별자치도 전주시 덕진구 송천동1가 395-16,전북특별자치도 전주시 덕진구 송천중앙로 130,0507-1335-4268,,,,unmatched_or_ambiguous,기존 주택 CSV의 건물 좌표; 음식점 자체 측량 좌표 아님
도야족발_송천점,덕진구 송천2동,전북특별자치도 전주시 덕진구 송천동1가 811-2,전북특별자치도 전주시 덕진구 두간로 56,063-902-8181,,,,unmatched_or_ambiguous,기존 주택 CSV의 건물 좌표; 음식점 자체 측량 좌표 아님
애프터아트,완산구 효자5동,전북특별자치도 전주시 완산구 효자동3가 1613-1 1층 101호,전북특별자치도 전주시 완산구 문학대6길 14 1층 101호,010-5925-3673,,,,unmatched_or_ambiguous,기존 주택 CSV의 건물 좌표; 음식점 자체 측량 좌표 아님
진안초원흑돼지깜도니,완산구 효자5동,전북특별자치도 전주시 완산구 효자동3가 1484-1 105호,전북특별자치도 전주시 완산구 천잠로 506 105호,010-2745-0206,,,,unmatched_or_ambiguous,기존 주택 CSV의 건물 좌표; 음식점 자체 측량 좌표 아님
서신전일가맥,완산구 서신동,전북특별자치도 전주시 완산구 서신동 809-17,전북특별자치도 전주시 완산구 안터6길 43-3,063-275-7119,,,,unmatched_or_ambiguous,기존 주택 CSV의 건물 좌표; 음식점 자체 측량 좌표 아님
디데이디저트데이,덕진구 송천동,전북특별자치도 전주시 덕진구 송천동2가 534-10 1F,전북특별자치도 전주시 덕진구 와룡1길 11-13 1F,010-9801-6026,,,,unmatched_or_ambiguous,기존 주택 CSV의 건물 좌표; 음식점 자체 측량 좌표 아님
닥엔돈스쪽갈비치킨_전주송천점,덕진구 송천동,전북특별자치도 전주시 덕진구 송천동1가 819-1 1층,전북특별자치도 전주시 덕진구 두간5길 9 1층,063-276-9007,,,,unmatched_or_ambiguous,기존 주택 CSV의 건물 좌표; 음식점 자체 측량 좌표 아님
샤브쌈주머니_전주덕진하가점,덕진구 덕진동2가,전북특별자치도 전주시 덕진구 덕진동2가 681-1 2층,전북특별자치도 전주시 덕진구 가련산로 31 2층,063-211-0234,,,,unmatched_or_ambiguous,기존 주택 CSV의 건물 좌표; 음식점 자체 측량 좌표 아님
새벽한시,완산구 효자동,전북특별자치도 전주시 완산구 효자동2가 1305-2 1층,전북특별자치도 전주시 완산구 봉곡로 10 1층,"0507-1352-6227, 010-2466-0646",,,,unmatched_or_ambiguous,기존 주택 CSV의 건물 좌표; 음식점 자체 측량 좌표 아님
팬도로시_전북대점,덕진구 덕진동,전북특별자치도 전주시 덕진구 덕진동1가 1327-37,전북특별자치도 전주시 덕진구 창포길 93,063-255-0823,,,,unmatched_or_ambiguous,기존 주택 CSV의 건물 좌표; 음식점 자체 측량 좌표 아님
프랭크버거_송천에코시티점,덕진구 송천동2가,"전북특별자치도 전주시 덕진구 송천동2가 1342 , 근린생활시설동 116호","전북특별자치도 전주시 덕진구 세병로 92 , 근린생활시설동 116호",063-251-1103,,,,unmatched_or_ambiguous,기존 주택 CSV의 건물 좌표; 음식점 자체 측량 좌표 아님
올스타피자_전주송천점,덕진구 송천동,전북특별자치도 전주시 덕진구 송천동1가 873 1층,전북특별자치도 전주시 덕진구 송천3길 59 1층,063-251-5535,,,,unmatched_or_ambiguous,기존 주택 CSV의 건물 좌표; 음식점 자체 측량 좌표 아님
사카나,완산구 효자동2가,전북특별자치도 전주시 완산구 효자동2가 1157-4,전북특별자치도 전주시 완산구 홍산1길 7,0507-1472-9787,,,,unmatched_or_ambiguous,기존 주택 CSV의 건물 좌표; 음식점 자체 측량 좌표 아님
용가리불짬뽕,완산구 중화산동,전북특별자치도 전주시 완산구 중화산동2가 755-4,전북특별자치도 전주시 완산구 중화산로 109,063-244-8421,,,,unmatched_or_ambiguous,기존 주택 CSV의 건물 좌표; 음식점 자체 측량 좌표 아님
파파존스피자_전북도청점,완산구 효자4동,전북특별자치도 전주시 완산구 효자동2가 1157-4 116호,전북특별자치도 전주시 완산구 홍산1길 7 1층 116호,063-236-8880,,,,unmatched_or_ambiguous,기존 주택 CSV의 건물 좌표; 음식점 자체 측량 좌표 아님
원컴퍼니,완산구 효자5동,전북특별자치도 전주시 완산구 효자동3가 1683-5 1층 상가,전북특별자치도 전주시 완산구 배학2길 17 1층 상가,063-222-4006,,,,unmatched_or_ambiguous,기존 주택 CSV의 건물 좌표; 음식점 자체 측량 좌표 아님
북촌손만두_전주혁신도시점,덕진구 혁신동,전북특별자치도 전주시 덕진구 장동 1111 103동 상가,전북특별자치도 전주시 덕진구 기지로 77 103동 상가,0507-1330-4882,,,,unmatched_or_ambiguous,기존 주택 CSV의 건물 좌표; 음식점 자체 측량 좌표 아님
피자에땅_전주효자점,완산구 효자3동,전북특별자치도 전주시 완산구 효자동1가 652,전북특별자치도 전주시 완산구 거마평로 125,050-7987-3634,,,,unmatched_or_ambiguous,기존 주택 CSV의 건물 좌표; 음식점 자체 측량 좌표 아님
유로하우스,완산구 다가동3가,전북특별자치도 전주시 완산구 다가동3가 26,전북특별자치도 전주시 완산구 전주객사1길 8,0507-1394-1065,,,,unmatched_or_ambiguous,기존 주택 CSV의 건물 좌표; 음식점 자체 측량 좌표 아님
컬러인커피_신시가지점,완산구 효자동2가,전북특별자치도 전주시 완산구 효자동2가 1157-4 SK Leaders view MALL 156호,전북특별자치도 전주시 완산구 홍산1길 7 SK Leaders view MALL 156호,"070-7758-0730, 063-902-1653",,,,unmatched_or_ambiguous,기존 주택 CSV의 건물 좌표; 음식점 자체 측량 좌표 아님
쏘일워크,완산구 중앙동,전북특별자치도 전주시 완산구 중앙동4가 31-24,전북특별자치도 전주시 완산구 풍남문2길 124,0507-1315-3922,,,,conflicting_road_parcel,기존 주택 CSV의 건물 좌표; 음식점 자체 측량 좌표 아님
조선족,완산구 서신동,전북특별자치도 전주시 완산구 서신동 765-1,전북특별자치도 전주시 완산구 당산로 101,063-251-1282,,,,unmatched_or_ambiguous,기존 주택 CSV의 건물 좌표; 음식점 자체 측량 좌표 아님
대왕가든_효자점,완산구 효자동3가,전북특별자치도 전주시 완산구 효자동3가 1738-7 청송빌 103호,전북특별자치도 전주시 완산구 봉곡로 39 청송빌 103호,063-226-2930,,,,unmatched_or_ambiguous,기존 주택 CSV의 건물 좌표; 음식점 자체 측량 좌표 아님
연화,완산구 효자4동,전북특별자치도 전주시 완산구 효자동2가 1323-3,전북특별자치도 전주시 완산구 소태정4길 19-9,063-278-8582,,,,unmatched_or_ambiguous,기존 주택 CSV의 건물 좌표; 음식점 자체 측량 좌표 아님
바울에클레시아카페,덕진구 송천동,전북특별자치도 전주시 덕진구 송천동2가 1348-12,전북특별자치도 전주시 덕진구 화암1길 30,010-4141-0884,,,,unmatched_or_ambiguous,기존 주택 CSV의 건물 좌표; 음식점 자체 측량 좌표 아님
빠레뜨한남_전주혁신점,덕진구 혁신동,"전북특별자치도 전주시 덕진구 장동 1111 A-109,A-110호","전북특별자치도 전주시 덕진구 기지로 77 A-109,A-110호",070-7868-0880,,,,unmatched_or_ambiguous,기존 주택 CSV의 건물 좌표; 음식점 자체 측량 좌표 아님
전주보신탕,완산구 효자동1가,전북특별자치도 전주시 완산구 효자동1가 535-49,전북특별자치도 전주시 완산구 성지산3길 11,063-222-4422,,,,conflicting_road_parcel,기존 주택 CSV의 건물 좌표; 음식점 자체 측량 좌표 아님
더칼디스,완산구 풍남동,전북특별자치도 전주시 완산구 전동 126,전북특별자치도 전주시 완산구 전라감영로 78,0507-1433-2080,,,,unmatched_or_ambiguous,기존 주택 CSV의 건물 좌표; 음식점 자체 측량 좌표 아님
마왕족발_효자점,완산구 효자동,전북특별자치도 전주시 완산구 효자동2가 1157-4,전북특별자치도 전주시 완산구 홍산1길 7,063-247-9282,,,,unmatched_or_ambiguous,기존 주택 CSV의 건물 좌표; 음식점 자체 측량 좌표 아님
오목대,완산구 풍남동,전북특별자치도 전주시 완산구 풍남동3가 12-12,전북특별자치도 전주시 완산구 기린대로 68-9,063-232-2255,,,,unmatched_or_ambiguous,기존 주택 CSV의 건물 좌표; 음식점 자체 측량 좌표 아님
유로코피자_전주완산구점,완산구 효자5동,전북특별자치도 전주시 완산구 효자동2가 1157-4 SK리더스뷰상가 130호,전북특별자치도 전주시 완산구 홍산1길 7 SK리더스뷰상가 130호,063-223-1828,,,,unmatched_or_ambiguous,기존 주택 CSV의 건물 좌표; 음식점 자체 측량 좌표 아님
아주르,덕진구 우아동1가,전북특별자치도 전주시 덕진구 우아동1가 산 330-2 2층,전북특별자치도 전주시 덕진구 아중호수길 117 2층,0507-1471-1997,,,,unmatched_or_ambiguous,기존 주택 CSV의 건물 좌표; 음식점 자체 측량 좌표 아님
탑푸드_전주혁신점,덕진구 혁신동,전북특별자치도 전주시 덕진구 혁신동 778-2,전북특별자치도 전주시 덕진구 오공로 47,063-222-0207,,,,unmatched_or_ambiguous,기존 주택 CSV의 건물 좌표; 음식점 자체 측량 좌표 아님
투썸플레이스_전주교직원공제회관점,완산구 서신동,전북특별자치도 전주시 완산구 서신동769-1,"전북특별자치도 전주시 완산구 온고을로1, 1층",063-251-2324,,,,unmatched_or_ambiguous,기존 주택 CSV의 건물 좌표; 음식점 자체 측량 좌표 아님
에코식탁,덕진구 송천동,전북특별자치도 전주시 덕진구 송천동2가 1326-5 2F 201호,전북특별자치도 전주시 덕진구 세병로 24 2F 201호,063-255-0137,,,,unmatched_or_ambiguous,기존 주택 CSV의 건물 좌표; 음식점 자체 측량 좌표 아님
노벨반점,완산구 풍남동,전북특별자치도 전주시 완산구 전동3가 56-4,전북특별자치도 전주시 완산구 풍남문2길 100,063-284-4318,,,,unmatched_or_ambiguous,기존 주택 CSV의 건물 좌표; 음식점 자체 측량 좌표 아님
산들다헌,완산구 중앙동1가,전북특별자치도 전주시 완산구 중앙동1가 1-5,전북특별자치도 전주시 완산구 전주객사3길 9,063-232-3251,,,,unmatched_or_ambiguous,기존 주택 CSV의 건물 좌표; 음식점 자체 측량 좌표 아님
60계치킨_효자신시가지점,완산구 효자5동,전북특별자치도 전주시 완산구 효자동2가 1157-4,"전북특별자치도 전주시 완산구 홍산1길 7, 1층 137호",063-227-9982,,,,unmatched_or_ambiguous,기존 주택 CSV의 건물 좌표; 음식점 자체 측량 좌표 아님
크라운호프_송천2호점,덕진구 송천2동,전북특별자치도 전주시 덕진구 송천동2가 484-2,"전북특별자치도 전주시 덕진구 붓내3길 3, 1층",010-4013-0248,,,,unmatched_or_ambiguous,기존 주택 CSV의 건물 좌표; 음식점 자체 측량 좌표 아님
어썸그린,완산구 서신동,전북특별자치도 전주시 완산구 서신동 763-1 신일아파트상가 어썸그린,전북특별자치도 전주시 완산구 당산로 17 신일아파트상가 어썸그린,063-255-2589,,,,unmatched_or_ambiguous,기존 주택 CSV의 건물 좌표; 음식점 자체 측량 좌표 아님
카페려우,완산구 중화산동,전북특별자치도 전주시 완산구 중화산동2가 581-11 1층,전북특별자치도 전주시 완산구 인정4길 12-3 1층,010-9667-2258,,,,unmatched_or_ambiguous,기존 주택 CSV의 건물 좌표; 음식점 자체 측량 좌표 아님
라푸르따,완산구 효자5동,전북특별자치도 전주시 완산구 효자동3가 1687-7 소나무빌 1층,전북특별자치도 전주시 완산구 배학2길 27 소나무빌 1층,010-4787-0199,,,,unmatched_or_ambiguous,기존 주택 CSV의 건물 좌표; 음식점 자체 측량 좌표 아님
성미당_서신점,완산구 서신동,전북특별자치도 전주시 완산구 서신동 258-5,전북특별자치도 전주시 완산구 전룡로 45-12,063-273-0029,,,,unmatched_or_ambiguous,기존 주택 CSV의 건물 좌표; 음식점 자체 측량 좌표 아님
카페디쟈트,완산구 중앙동,전북특별자치도 전주시 완산구 중앙동2가 26-16,전북특별자치도 전주시 완산구 충경로 45,070-5080-3332,,,,unmatched_or_ambiguous,기존 주택 CSV의 건물 좌표; 음식점 자체 측량 좌표 아님
피자몰_NC전주점,완산구 고사동,전북특별자치도 전주시 완산구 고사동 96-1,전북특별자치도 전주시 완산구 전주객사5길 35,070-5154-4364,,,,unmatched_or_ambiguous,기존 주택 CSV의 건물 좌표; 음식점 자체 측량 좌표 아님
욱도사,덕진구 우아동1가,전북특별자치도 전주시 덕진구 우아동1가 1088-6,전북특별자치도 전주시 덕진구 아중로 202,0507-1467-2570,,,,unmatched_or_ambiguous,기존 주택 CSV의 건물 좌표; 음식점 자체 측량 좌표 아님
희야네,완산구 풍남동,전북특별자치도 전주시 완산구 전동 152-1 1층,전북특별자치도 전주시 완산구 풍남문3길 15 1층,063-232-2714,,,,unmatched_or_ambiguous,기존 주택 CSV의 건물 좌표; 음식점 자체 측량 좌표 아님
컵밥열차999_전주대점,완산구 효자4동,전북특별자치도 전주시 완산구 효자동3가 1080-1 학생회관 1층,전북특별자치도 전주시 완산구 천잠로 303 학생회관 1층,010-4781-5241,,,,unmatched_or_ambiguous,기존 주택 CSV의 건물 좌표; 음식점 자체 측량 좌표 아님
포롱,완산구 효자동,전북특별자치도 전주시 완산구 효자동3가 1620-4 1층,전북특별자치도 전주시 완산구 문학대4길 22-4 1층,0507-1485-0612,,,,unmatched_or_ambiguous,기존 주택 CSV의 건물 좌표; 음식점 자체 측량 좌표 아님
장터목휴게실,완산구 중화산동2가,전북특별자치도 전주시 완산구 중화산동2가 640-3,전북특별자치도 전주시 완산구 산월2길27,063-228-7538,,,,unmatched_or_ambiguous,기존 주택 CSV의 건물 좌표; 음식점 자체 측량 좌표 아님
본죽&비빔밥cafe_전북대점,덕진구 덕진동1가,전북특별자치도 전주시 덕진구 덕진동1가 664-6,전북특별자치도 전주시 덕진구 권삼득로 333,063-271-6288,,,,unmatched_or_ambiguous,기존 주택 CSV의 건물 좌표; 음식점 자체 측량 좌표 아님
한뚝배기,완산구 효자동2가,전북특별자치도 전주시 완산구 효자동2가 1157-4,전북특별자치도 전주시 완산구 홍산1길 7,063-221-7238,,,,unmatched_or_ambiguous,기존 주택 CSV의 건물 좌표; 음식점 자체 측량 좌표 아님
후켄치킨,완산구 서신동,전북특별자치도 전주시 완산구 서신동 765-1 동아현대상가 111~2호,"전북특별자치도 전주시 완산구 당산로 99, 111~2호",063-277-7010,,,,unmatched_or_ambiguous,기존 주택 CSV의 건물 좌표; 음식점 자체 측량 좌표 아님
모닝무드,완산구 중화산동,전북특별자치도 전주시 완산구 중화산동2가 701-6 1층,전북특별자치도 전주시 완산구 메너머2길 37-4 1층,010-2026-0909,,,,unmatched_or_ambiguous,기존 주택 CSV의 건물 좌표; 음식점 자체 측량 좌표 아님
명동할머니국수_효자cgv점,완산구 효자3동,전북특별자치도 전주시 완산구 효자동1가 434,전북특별자치도 전주시 완산구 용머리로 45,063-228-6834,,,,unmatched_or_ambiguous,기존 주택 CSV의 건물 좌표; 음식점 자체 측량 좌표 아님
카페유독,완산구 효자5동,전북특별자치도 전주시 완산구 효자동3가 1599-9,전북특별자치도 전주시 완산구 황강서원로 42,063-226-9900,,,,unmatched_or_ambiguous,기존 주택 CSV의 건물 좌표; 음식점 자체 측량 좌표 아님
해뜰김밥,완산구 서신동,전북특별자치도 전주시 완산구 서신동 761-1 서신광진아파트상가 2동 8호,전북특별자치도 전주시 완산구 온고을로 119-4 서신광진아파트상가 2동 8호,063-902-0191,,,,unmatched_or_ambiguous,기존 주택 CSV의 건물 좌표; 음식점 자체 측량 좌표 아님
오늘카페,완산구 효자5동,전북특별자치도 전주시 완산구 효자동2가 1157-1 서희스타힐스상가 1층,전북특별자치도 전주시 완산구 홍산1길 21 서희스타힐스상가 1층,063-221-2714,,,,unmatched_or_ambiguous,기존 주택 CSV의 건물 좌표; 음식점 자체 측량 좌표 아님
김가네보쌈족발,덕진구 송천1동,전북특별자치도 전주시 덕진구 송천동2가 193 1층 3호,전북특별자치도 전주시 덕진구 붓내2길 17-1 1층 3호,063-278-9294,,,,unmatched_or_ambiguous,기존 주택 CSV의 건물 좌표; 음식점 자체 측량 좌표 아님
초밥만_전주점,완산구 효자5동,전북특별자치도 전주시 완산구 효자동2가 1157-4 127호,전북특별자치도 전주시 완산구 홍산1길 7 127호,063-225-2918,,,,unmatched_or_ambiguous,기존 주택 CSV의 건물 좌표; 음식점 자체 측량 좌표 아님
용자돈까스,덕진구 송천동1가,전북특별자치도 전주시 덕진구 송천동1가 101-3,전북특별자치도 전주시 덕진구  솔내로 144,0507-1413-8499,,,,unmatched_or_ambiguous,기존 주택 CSV의 건물 좌표; 음식점 자체 측량 좌표 아님
동명카츠_전주객사NC웨이브점,완산구 고사동,전북특별자치도 전주시 완산구 고사동 96-1 A동 지하1층,전북특별자치도 전주시 완산구 전주객사5길 35 A동 지하1층,063-710-5118,,,,unmatched_or_ambiguous,기존 주택 CSV의 건물 좌표; 음식점 자체 측량 좌표 아님
오아시스카페,완산구 서신동,"전북특별자치도 전주시 완산구 서신동 763-1,133 상가동 2층","전북특별자치도 전주시 완산구 온고을로 119-1,133 상가동 2층",063-277-2722,,,,unmatched_or_ambiguous,기존 주택 CSV의 건물 좌표; 음식점 자체 측량 좌표 아님
스타벅스_전주중화산점,완산구 중화산동2가,전북특별자치도 전주시 완산구 중화산동2가 744-5,전북특별자치도 전주시 완산구 유연로 288,1522-3232,,,,unmatched_or_ambiguous,기존 주택 CSV의 건물 좌표; 음식점 자체 측량 좌표 아님
미곡스토리,완산구 효자5동,전북특별자치도 전주시 완산구 효자동3가 1617-4,전북특별자치도 전주시 완산구 문학대4길 32-5,063-228-2220,,,,unmatched_or_ambiguous,기존 주택 CSV의 건물 좌표; 음식점 자체 측량 좌표 아님
경풍상회,완산구 중화산동2가,전북특별자치도 전주시 완산구 중화산동2가 613-17,전북특별자치도 전주시 완산구 중화산로 80,063-227-1584,,,,unmatched_or_ambiguous,기존 주택 CSV의 건물 좌표; 음식점 자체 측량 좌표 아님
필스수제버거,완산구 효자5동,전북특별자치도 전주시 완산구 효자동2가 1157-4 151호,전북특별자치도 전주시 완산구 홍산1길 7 151호,063-227-0778,,,,unmatched_or_ambiguous,기존 주택 CSV의 건물 좌표; 음식점 자체 측량 좌표 아님
카페레이크뷰,완산구 효자5동,전북특별자치도 전주시 완산구 효자동2가 1080 지역혁신관,전북특별자치도 전주시 완산구 천잠로 303 지역혁신관,063-236-7320,,,,unmatched_or_ambiguous,기존 주택 CSV의 건물 좌표; 음식점 자체 측량 좌표 아님
굿스고로케_전주점,덕진구 송천1동,전북특별자치도 전주시 덕진구 송천동2가 175-52,"전북특별자치도 전주시 덕진구 사근1길 10, 1층 107호",063-255-3248,,,,unmatched_or_ambiguous,기존 주택 CSV의 건물 좌표; 음식점 자체 측량 좌표 아님
건강을마시자이영마켓,덕진구 덕진동,전북특별자치도 전주시 덕진구 덕진동1가 1117-18 1층,전북특별자치도 전주시 덕진구 떡전로 23 1층,063-905-8486,,,,unmatched_or_ambiguous,기존 주택 CSV의 건물 좌표; 음식점 자체 측량 좌표 아님
진안숯불생구이,완산구 효자동,전북특별자치도 전주시 완산구 효자동1가 652,"전북특별자치도 전주시 완산구 거마평로 113, 상산타운상가3동 1층 102호",063-229-8450,,,,unmatched_or_ambiguous,기존 주택 CSV의 건물 좌표; 음식점 자체 측량 좌표 아님
김밥천국,완산구 효자동1가,전북특별자치도 전주시 완산구 효자동1가 652,전북특별자치도 전주시 완산구 효자천변2길 14,063-226-0808,,,,unmatched_or_ambiguous,기존 주택 CSV의 건물 좌표; 음식점 자체 측량 좌표 아님
미스사이공전주NC웨이브점,완산구 고사동,전북특별자치도 전주시 완산구 고사동 96-1 전주NC웨이브 A관 지하1층,전북특별자치도 전주시 완산구 전주객사5길 35 전주NC웨이브 A관 지하1층,063-710-5222,,,,unmatched_or_ambiguous,기존 주택 CSV의 건물 좌표; 음식점 자체 측량 좌표 아님
닥엔돈스_전주인후아중점,덕진구 우아동1가,전북특별자치도 전주시 덕진구 우아동2가 875-1,전북특별자치도 전주시 덕진구 석소로 70,063-905-2122,,,,unmatched_or_ambiguous,기존 주택 CSV의 건물 좌표; 음식점 자체 측량 좌표 아님
굽네치킨_에코시티점,덕진구 송천2동,"전북특별자치도 전주시 덕진구 송천동2가 1341, 101호","전북특별자치도 전주시 덕진구 세병로 74, 101호",063-278-9494,,,,unmatched_or_ambiguous,기존 주택 CSV의 건물 좌표; 음식점 자체 측량 좌표 아님
와플대학_전북대캠퍼스점,덕진구 덕진동,전북특별자치도 전주시 덕진구 덕진동1가 664-6,전북특별자치도 전주시 덕진구 권삼득로 333,063-255-1815,,,,unmatched_or_ambiguous,기존 주택 CSV의 건물 좌표; 음식점 자체 측량 좌표 아님
달빛소리,완산구 중화산동2가,전북특별자치도 전주시 완산구 중화산동2가 274-5,전북특별자치도 전주시 완산구 영선로 21-10,063-282-5900,,,,unmatched_or_ambiguous,기존 주택 CSV의 건물 좌표; 음식점 자체 측량 좌표 아님
BBQ치킨_전북도청점,완산구 효자5동,전북특별자치도 전주시 완산구 효자동2가 1157-1 1층 137호,전북특별자치도 전주시 완산구 홍산1길 21 1층 137호,063-229-9288,,,,unmatched_or_ambiguous,기존 주택 CSV의 건물 좌표; 음식점 자체 측량 좌표 아님
시라키,완산구 효자동2가,전북특별자치도 전주시 완산구 효자동2가 1157-4,전북특별자치도 전주시 완산구 홍산1길 7,0507-1382-9328,,,,unmatched_or_ambiguous,기존 주택 CSV의 건물 좌표; 음식점 자체 측량 좌표 아님
효자동김밥,완산구 효자5동,전북특별자치도 전주시 완산구 효자동2가 1157-4 SK리더스뷰 상가 146호,전북특별자치도 전주시 완산구 홍산1길 7 SK리더스뷰 상가 146호,063-226-1230,,,,unmatched_or_ambiguous,기존 주택 CSV의 건물 좌표; 음식점 자체 측량 좌표 아님
이삭토스트_서신점,완산구 서신동,전북특별자치도 전주시 완산구 서신동 763-1,전북특별자치도 전주시 완산구 당산로 17,063-253-7884,,,,unmatched_or_ambiguous,기존 주택 CSV의 건물 좌표; 음식점 자체 측량 좌표 아님
마라전주,완산구 효자4동,전북특별자치도 전주시 완산구 효자동3가 1728-1 1층,전북특별자치도 전주시 완산구 봉곡2길 11 1층,010-9520-5209,,,,unmatched_or_ambiguous,기존 주택 CSV의 건물 좌표; 음식점 자체 측량 좌표 아님
스무디킹,완산구 효자3동,전북특별자치도 전주시 완산구 효자동1가 434,전북특별자치도 전주시 완산구 용머리로 45,070-8821-3040,,,,unmatched_or_ambiguous,기존 주택 CSV의 건물 좌표; 음식점 자체 측량 좌표 아님
전주더엠,완산구 효자동,전북특별자치도 전주시 완산구 효자동2가 1157-4 SK Leaders view MALL 162호,전북특별자치도 전주시 완산구 홍산1길 7 SK Leaders view MALL 162호,0507-1469-9701,,,,unmatched_or_ambiguous,기존 주택 CSV의 건물 좌표; 음식점 자체 측량 좌표 아님
마마카롱,완산구 서신동,"전북특별자치도 전주시 완산구 서신동 763-1 신일아파트상가 114동 124,125호","전북특별자치도 전주시 완산구 당산로 17 신일아파트상가 114동 124,125호",070-8778-0041,,,,unmatched_or_ambiguous,기존 주택 CSV의 건물 좌표; 음식점 자체 측량 좌표 아님
순진한순대국밥_서신점,완산구 서신동,전북특별자치도 전주시 완산구 서신동838-1,전북특별자치도 전주시 완산구 서신로 17,063-278-9882,,,,unmatched_or_ambiguous,기존 주택 CSV의 건물 좌표; 음식점 자체 측량 좌표 아님
교촌치킨_효자점,완산구 효자동1가,전북특별자치도 전주시 완산구 효자동1가 652,전북특별자치도 전주시 완산구 거마평로 125,063-229-2992,,,,unmatched_or_ambiguous,기존 주택 CSV의 건물 좌표; 음식점 자체 측량 좌표 아님
동키치킨_서신점,완산구 서신동,전북특별자치도 전주시 완산구 서신동 761-1,전북특별자치도 전주시 완산구 온고을로 119-4,063-253-4121,,,,unmatched_or_ambiguous,기존 주택 CSV의 건물 좌표; 음식점 자체 측량 좌표 아님
해궁,덕진구 송천1동,전북특별자치도 전주시 덕진구 송천동2가 492-11,전북특별자치도 전주시 덕진구 송천중앙로 235,063-275-1400,,,,unmatched_or_ambiguous,기존 주택 CSV의 건물 좌표; 음식점 자체 측량 좌표 아님
해요,완산구 고사동,전북특별자치도 전주시 완산구 고사동 96-1 NCWAVE A동 3층,"전북특별자치도 전주시 완산구 전주객사5길 35, NCWAVE A동 3층",063-710-5130,,,,unmatched_or_ambiguous,기존 주택 CSV의 건물 좌표; 음식점 자체 측량 좌표 아님
리프,완산구 효자5동,전북특별자치도 전주시 완산구 효자동3가 1626-14 1층 리프커피,전북특별자치도 전주시 완산구 우전로 331,070-8814-1914,,,,unmatched_or_ambiguous,기존 주택 CSV의 건물 좌표; 음식점 자체 측량 좌표 아님
바른돈까스,완산구 효자5동,전북특별자치도 전주시 완산구 효자동2가 1157-1 105동 1층 148호,전북특별자치도 전주시 완산구 홍산1길 21 105동 1층 148호,063-221-0204,,,,unmatched_or_ambiguous,기존 주택 CSV의 건물 좌표; 음식점 자체 측량 좌표 아님
홍루몽_에코시티점,덕진구 전미동1가,전북특별자치도 전주시 덕진구 전미동1가 565-29 1층,전북특별자치도 전주시 덕진구 과학로 173 1층,063-277-8838,,,,unmatched_or_ambiguous,기존 주택 CSV의 건물 좌표; 음식점 자체 측량 좌표 아님
놋뜰민속마당,덕진구 송천2동,전북특별자치도 전주시 덕진구 송천동2가 558-2,전북특별자치도 전주시 덕진구 와룡1길 11-5,063-277-7191,,,,unmatched_or_ambiguous,기존 주택 CSV의 건물 좌표; 음식점 자체 측량 좌표 아님
더리터_태평점,완산구 태평동,전북특별자치도 전주시 완산구 태평동 243-12,전북특별자치도 전주시 완산구 공북로 55,010-8193-5858,,,,unmatched_or_ambiguous,기존 주택 CSV의 건물 좌표; 음식점 자체 측량 좌표 아님
강릉교동짬뽕,완산구 효자5동,전북특별자치도 전주시 완산구 효자동3가 1647-6,전북특별자치도 전주시 완산구 마전2길 11-8,063-223-9997,,,,unmatched_or_ambiguous,기존 주택 CSV의 건물 좌표; 음식점 자체 측량 좌표 아님
전주제일옥,덕진구 송천동,전북특별자치도 전주시 덕진구 송천동1가 342,전북특별자치도 전주시 덕진구 송천로 1,063-275-1991,,,,unmatched_or_ambiguous,기존 주택 CSV의 건물 좌표; 음식점 자체 측량 좌표 아님
온고을막창_중화산점,완산구 중화산동2가,전북특별자치도 전주시 완산구 중화산동2가 186-28,전북특별자치도 전주시 완산구 한두평4길 18-1,063-225-8626,,,,unmatched_or_ambiguous,기존 주택 CSV의 건물 좌표; 음식점 자체 측량 좌표 아님
롯데리아_전주고사점,완산구 고사동,전북특별자치도 전주시 완산구 고사동 63,전북특별자치도 전주시 완산구 전주객사5길 22-3,063-285-0127,,,,unmatched_or_ambiguous,기존 주택 CSV의 건물 좌표; 음식점 자체 측량 좌표 아님
간이역중화산점,완산구 중화산동,전북특별자치도 전주시 완산구 중화산동2가 28-3,전북특별자치도 전주시 완산구 서원로 318,063-284-6464,,,,unmatched_or_ambiguous,기존 주택 CSV의 건물 좌표; 음식점 자체 측량 좌표 아님
원평시골피순대_중화산점,완산구 효자동,전북특별자치도 전주시 완산구 중화산동2가 247-12,전북특별자치도 전주시 완산구 백제대로 292,063-222-6948,,,,unmatched_or_ambiguous,기존 주택 CSV의 건물 좌표; 음식점 자체 측량 좌표 아님
덕담골유황청둥오리_전주점,완산구 서신동,전북특별자치도 전주시 완산구 서신동 957-6,전북특별자치도 전주시 완산구 고사평1길 3,063-255-5250,,,,unmatched_or_ambiguous,기존 주택 CSV의 건물 좌표; 음식점 자체 측량 좌표 아님
성찬우동,덕진구 혁신동,전북특별자치도 전주시 덕진구 장동 1111,전북특별자치도 전주시 덕진구 기지로 77,063-236-7299,,,,unmatched_or_ambiguous,기존 주택 CSV의 건물 좌표; 음식점 자체 측량 좌표 아님
에그존앤샌드_전주효자점,완산구 효자5동,전북특별자치도 전주시 완산구 효자동2가 1157-4,전북특별자치도 전주시 완산구 홍산1길 7,063-226-2982,,,,unmatched_or_ambiguous,기존 주택 CSV의 건물 좌표; 음식점 자체 측량 좌표 아님
더리얼커피앤쥬스,덕진구 송천동1가,전북특별자치도 전주시 덕진구 송천동1가 879,전북특별자치도 전주시 덕진구 오송1길 37-17,063-272-5824,,,,unmatched_or_ambiguous,기존 주택 CSV의 건물 좌표; 음식점 자체 측량 좌표 아님
꽃다미,덕진구 덕진동,전북특별자치도 전주시 덕진구 덕진동2가 661-6 꽃다미,전북특별자치도 전주시 덕진구 가리내4길 17 꽃다미,0507-1314-6934,,,,unmatched_or_ambiguous,기존 주택 CSV의 건물 좌표; 음식점 자체 측량 좌표 아님
다가초밥_객리단길점,완산구 다가동,전북특별자치도 전주시 완산구 다가동3가 40,"전북특별자치도 전주시 완산구 전주객사1길 36, 1층",063-231-3773,,,,unmatched_or_ambiguous,기존 주택 CSV의 건물 좌표; 음식점 자체 측량 좌표 아님
어머니밥상,완산구 효자동,전북특별자치도 전주시 완산구 효자동1가 564-4,전북특별자치도 전주시 완산구 성지산로 67,063-277-4545,,,,unmatched_or_ambiguous,기존 주택 CSV의 건물 좌표; 음식점 자체 측량 좌표 아님
장판집,완산구 서신동,전북특별자치도 전주시 완산구 서신동 761-1 서신동 광진아파트 상가,전북특별자치도 전주시 완산구 온고을로 119-4 서신동 광진아파트 상가,063-252-0134,,,,unmatched_or_ambiguous,기존 주택 CSV의 건물 좌표; 음식점 자체 측량 좌표 아님
애슐리퀸즈_전주STS점,완산구 효자동,전북특별자치도 전주시 완산구 효자동1가 434,전북특별자치도 전주시 완산구 옹머리로 45,063-237-1032,,,,unmatched_or_ambiguous,기존 주택 CSV의 건물 좌표; 음식점 자체 측량 좌표 아님
러블리페럿,덕진구 덕진동,전북특별자치도 전주시 덕진구 덕진동2가 204 나동 1층,전북특별자치도 전주시 덕진구 기린대로 544,010-8582-3003,,,,unmatched_or_ambiguous,기존 주택 CSV의 건물 좌표; 음식점 자체 측량 좌표 아님
구일집_한옥마을본점,완산구 풍남동,전북특별자치도 전주시 완산구 풍남동1가 41-2,전북특별자치도 전주시 완산구 동문길 59,0507-1357-5298,,,,unmatched_or_ambiguous,기존 주택 CSV의 건물 좌표; 음식점 자체 측량 좌표 아님
도담웰푸드_덕진점,덕진구 덕진동,전북특별자치도 전주시 덕진구 덕진동2가 27-40 1층,전북특별자치도 전주시 덕진구 호반7길 10-6 1층,"0507-1436-4003, 070-8865-4000",,,,unmatched_or_ambiguous,기존 주택 CSV의 건물 좌표; 음식점 자체 측량 좌표 아님
소문,덕진구 혁신동,전북특별자치도 전주시 덕진구 중동 785-11 102호,전북특별자치도 전주시 덕진구 오정2길 19 102호,063-909-5556,,,,unmatched_or_ambiguous,기존 주택 CSV의 건물 좌표; 음식점 자체 측량 좌표 아님
더벤티_전주에코시티점,덕진구 송천1동,전북특별자치도 전주시 덕진구 송천동2가 1342 1층 111호,전북특별자치도 전주시 덕진구 세병로 92 1층 111호,063-255-1019,,,,unmatched_or_ambiguous,기존 주택 CSV의 건물 좌표; 음식점 자체 측량 좌표 아님
군침식탁,완산구 효자5동,전북특별자치도 전주시 완산구 효자동3가 1668-2 1층,전북특별자치도 전주시 완산구 마전들로 25 1층,063-286-5980,,,,unmatched_or_ambiguous,기존 주택 CSV의 건물 좌표; 음식점 자체 측량 좌표 아님
인정마을,덕진구 우아동1가,전북특별자치도 전주시 덕진구 우아동1가 1107-4,전북특별자치도 전주시 덕진구 인교로 39,063-244-9588,,,,unmatched_or_ambiguous,기존 주택 CSV의 건물 좌표; 음식점 자체 측량 좌표 아님
야미,덕진구 덕진동,전북특별자치도 전주시 덕진구 덕진동1가 664-6,전북특별자치도 전주시 덕진구 권삼득로 333,063-277-6678,,,,unmatched_or_ambiguous,기존 주택 CSV의 건물 좌표; 음식점 자체 측량 좌표 아님
편백나무밑에서노는닭,완산구 태평동,전북특별자치도 전주시 완산구 태평동 10-9,전북특별자치도 전주시 완산구 공북로 82,063-255-2121,,,,unmatched_or_ambiguous,기존 주택 CSV의 건물 좌표; 음식점 자체 측량 좌표 아님
천하쭈꾸미_본점,완산구 중화산동1가,전북특별자치도 전주시 완산구 중화산동1가 254-1 1층 산돌교회,전북특별자치도 전주시 완산구 따박골9길 47 산돌교회,063-225-3211,,,,unmatched_or_ambiguous,기존 주택 CSV의 건물 좌표; 음식점 자체 측량 좌표 아님
커피플랫빈,완산구 서신동,전북특별자치도 전주시 완산구 서신동 7661층,전북특별자치도 전주시 완산구 온고을로29,063-254-5115,,,,unmatched_or_ambiguous,기존 주택 CSV의 건물 좌표; 음식점 자체 측량 좌표 아님
돌스추미당,덕진구 우아동2가,전북특별자치도 전주시 덕진구 우아동2가 556-2,전북특별자치도 전주시 덕진구 석소로 74,063-245-0956,,,,unmatched_or_ambiguous,기존 주택 CSV의 건물 좌표; 음식점 자체 측량 좌표 아님
떡군이네떡볶이_효자점,완산구 효자동1가,전북특별자치도 전주시 완산구 효자동1가 373-3,전북특별자치도 전주시 완산구 거마평로 207,063-223-2789,,,,unmatched_or_ambiguous,기존 주택 CSV의 건물 좌표; 음식점 자체 측량 좌표 아님
감성돈까스,완산구 중화산동,전북특별자치도 전주시 완산구 중화산동2가 704-8,전북특별자치도 전주시 완산구 중화산로 120,070-7537-1689,,,,unmatched_or_ambiguous,기존 주택 CSV의 건물 좌표; 음식점 자체 측량 좌표 아님
압록매운탕,완산구 상림동,전북특별자치도 전주시 완산구 상림동 110-2,전북특별자치도 전주시 완산구 안심새길 7,0507-1352-5059,,,,unmatched_or_ambiguous,기존 주택 CSV의 건물 좌표; 음식점 자체 측량 좌표 아님
꿀보다닭강정_효자점,완산구 효자동1가,전북특별자치도 전주시 완산구 효자동1가 652 상산타운아파트상가 3동 115호,전북특별자치도 전주시 완산구 거마평로125,0507-1337-9256,,,,unmatched_or_ambiguous,기존 주택 CSV의 건물 좌표; 음식점 자체 측량 좌표 아님
e석쇠한판아중점,덕진구 우아동2가,전북특별자치도 전주시 덕진구 우아동2가 917-3,전북특별자치도 전주시 덕진구 아중1길 22,063-246-3245,,,,unmatched_or_ambiguous,기존 주택 CSV의 건물 좌표; 음식점 자체 측량 좌표 아님
돌하루방,완산구 중화산동2가,전북특별자치도 전주시 완산구 중화산동2가 762-8,전북특별자치도 전주시 완산구 화산천변1길 8-3,063-225-4222,,,,unmatched_or_ambiguous,기존 주택 CSV의 건물 좌표; 음식점 자체 측량 좌표 아님
미가옥콩나물국밥,완산구 효자동3가,전북특별자치도 전주시 완산구 효자동3가 1589-7,전북특별자치도 전주시 완산구 황강서원1길 3-8,063-225-7591,,,,unmatched_or_ambiguous,기존 주택 CSV의 건물 좌표; 음식점 자체 측량 좌표 아님
만권화밥_전주대학교점,완산구 효자4동,전북특별자치도 전주시 완산구 효자동2가 1080 전주대학교내,전북특별자치도 전주시 완산구 천잠로 303 전주대학교내,1688-9230,,,,unmatched_or_ambiguous,기존 주택 CSV의 건물 좌표; 음식점 자체 측량 좌표 아님
알촌_전북대점,덕진구 덕진동,전북특별자치도 전주시 덕진구 덕진동1가 664-6 원플러스상가106호,전북특별자치도 전주시 덕진구 권삼득로 333 원플러스상가106호,063-277-3362,,,,unmatched_or_ambiguous,기존 주택 CSV의 건물 좌표; 음식점 자체 측량 좌표 아님
라홍방마라탕_신시가지점,완산구 효자동,전북특별자치도 전주시 완산구 효자동2가 1157-4,전북특별자치도 전주시 완산구 홍산1길 7,0507-1444-0809,,,,unmatched_or_ambiguous,기존 주택 CSV의 건물 좌표; 음식점 자체 측량 좌표 아님
킹콩점프_전주에코시티점,덕진구 송천2동,전북특별자치도 전주시 덕진구 송천동2가 1331-15,"전북특별자치도 전주시 덕진구 세병남로 31, 4층",063-271-7942,,,,unmatched_or_ambiguous,기존 주택 CSV의 건물 좌표; 음식점 자체 측량 좌표 아님
양평해장국_서호점,덕진구 송천동1가,전북특별자치도 전주시 덕진구 송천동1가 382-1,전북특별자치도 전주시 덕진구 송천로,063-251-3244,,,,unmatched_or_ambiguous,기존 주택 CSV의 건물 좌표; 음식점 자체 측량 좌표 아님
참포크정육식당,덕진구 송천동,전북특별자치도 전주시 덕진구 송천동2가 557-7,전북특별자치도 전주시 덕진구 와룡로 58-9,063-278-3511,,,,unmatched_or_ambiguous,기존 주택 CSV의 건물 좌표; 음식점 자체 측량 좌표 아님
솔솔김밥,완산구 효자동,전북특별자치도 전주시 완산구 효자동1가 454-3,전북특별자치도 전주시 완산구 효자천변2길 7,063-226-5006,,,,unmatched_or_ambiguous,기존 주택 CSV의 건물 좌표; 음식점 자체 측량 좌표 아님
카페더헤링본,완산구 효자동,전북특별자치도 전주시 완산구 효자동3가 1526-2,전북특별자치도 전주시 완산구 홍산북로 83,063-229-2330,,,,unmatched_or_ambiguous,기존 주택 CSV의 건물 좌표; 음식점 자체 측량 좌표 아님
유로코피자_전주혁신점,덕진구 혁신동,전북특별자치도 전주시 덕진구 장동 1086,전북특별자치도 전주시 덕진구 출판로 85,063-211-1828,,,,unmatched_or_ambiguous,기존 주택 CSV의 건물 좌표; 음식점 자체 측량 좌표 아님
글로리빈관,완산구 풍남동,전북특별자치도 전주시 완산구 교동 222-14,전북특별자치도 전주시 완산구 동문길 182,0507-1358-6699,,,,unmatched_or_ambiguous,기존 주택 CSV의 건물 좌표; 음식점 자체 측량 좌표 아님
꺼구리시장통닭_효자점,완산구 효자동2가,전북특별자치도 전주시 완산구 효자동2가 1157-4 1층 132호,전북특별자치도 전주시 완산구 홍산1길 7 1층 132호,050-7987-8218,,,,unmatched_or_ambiguous,기존 주택 CSV의 건물 좌표; 음식점 자체 측량 좌표 아님
맘스터치_효자점,완산구 효자동1가,전북특별자치도 전주시 완산구 효자동1가 652,전북특별자치도 전주시 완산구 거마평로 125,0504-0999-1915,,,,unmatched_or_ambiguous,기존 주택 CSV의 건물 좌표; 음식점 자체 측량 좌표 아님
써니스푼,완산구 서신동,전북특별자치도 전주시 완산구 서신동 763-1,전북특별자치도 전주시 완산구 당산로 17,063-905-2049,,,,unmatched_or_ambiguous,기존 주택 CSV의 건물 좌표; 음식점 자체 측량 좌표 아님
앨리스의정원,덕진구 혁신동,전북특별자치도 전주시 덕진구 중동 785-7 1층,전북특별자치도 전주시 덕진구 오정2길 13 1층,010-2635-0275,,,,unmatched_or_ambiguous,기존 주택 CSV의 건물 좌표; 음식점 자체 측량 좌표 아님
메리골드케이크,덕진구 송천동,전북특별자치도 전주시 덕진구 송천동1가 873,전북특별자치도 전주시 덕진구 송천3길 59,0507-1324-5388,,,,unmatched_or_ambiguous,기존 주택 CSV의 건물 좌표; 음식점 자체 측량 좌표 아님
장수통닭,완산구 서신동,전북특별자치도 전주시 완산구 서신동 765-1,전북특별자치도 전주시 완산구 당산로 101,0507-0090-7353,,,,unmatched_or_ambiguous,기존 주택 CSV의 건물 좌표; 음식점 자체 측량 좌표 아님
피자마루_중화산점,완산구 중화산동,전북특별자치도 전주시 완산구 중화산동2가 545,전북특별자치도 전주시 완산구 서원로 274,063-228-2429,,,,unmatched_or_ambiguous,기존 주택 CSV의 건물 좌표; 음식점 자체 측량 좌표 아님
짱그미김밥_송천점,덕진구 송천동,전북특별자치도 전주시 덕진구 송천동1가 107-16 1층,전북특별자치도 전주시 덕진구 천마산로 68 1층,063-274-8794,,,,unmatched_or_ambiguous,기존 주택 CSV의 건물 좌표; 음식점 자체 측량 좌표 아님
카페_루,완산구 효자5동,전북특별자치도 전주시 완산구 효자동2가 156-3 4층,전북특별자치도 전주시 완산구 우전2길 47 4층,063-221-2126,,,,unmatched_or_ambiguous,기존 주택 CSV의 건물 좌표; 음식점 자체 측량 좌표 아님
킹스타피자_신시가지점,완산구 효자5동,전북특별자치도 전주시 완산구 효자동2가 1157-4 SK리더스뷰아파트상가 1층,전북특별자치도 전주시 완산구 홍산1길 7 SK리더스뷰아파트상가 1층,063-229-8959,,,,unmatched_or_ambiguous,기존 주택 CSV의 건물 좌표; 음식점 자체 측량 좌표 아님
대방삼겹대방한우,덕진구 혁신동,전북특별자치도 전주시 덕진구 장동 1111 상가 B동 129~142호 상가 B동 139~142호,전북특별자치도 전주시 덕진구 기지로 77 상가 B동 139~142호,063-276-7475,,,,unmatched_or_ambiguous,기존 주택 CSV의 건물 좌표; 음식점 자체 측량 좌표 아님
이디야커피_케이비에스점,완산구 효자5동,전북특별자치도 전주시 완산구 효자동3가 1643-5,전북특별자치도 전주시 완산구 마전2길 17-8,063-271-1000,,,,unmatched_or_ambiguous,기존 주택 CSV의 건물 좌표; 음식점 자체 측량 좌표 아님
꿀스커피_전주대학교점,완산구 효자5동,전북특별자치도 전주시 완산구 효자동2가 1080,전북특별자치도 전주시 완산구 천잠로 303,1522-4032,,,,unmatched_or_ambiguous,기존 주택 CSV의 건물 좌표; 음식점 자체 측량 좌표 아님
미드나잇,완산구 고사동,전북특별자치도 전주시 완산구 고사동 215-3,전북특별자치도 전주시 완산구 전주객사5길 73,010-3631-5430,,,,unmatched_or_ambiguous,기존 주택 CSV의 건물 좌표; 음식점 자체 측량 좌표 아님
일등한우정육식당_2호점,완산구 중화산동,전북특별자치도 전주시 완산구 중화산동2가 782-5,전북특별자치도 전주시 완산구 신촌3길 16,063-229-1222,,,,unmatched_or_ambiguous,기존 주택 CSV의 건물 좌표; 음식점 자체 측량 좌표 아님
요거프레소_전주센트럴파크점,덕진구 송천동,전북특별자치도 전주시 덕진구 송천동1가 292-7,전북특별자치도 전주시 덕진구 송천로 1,063-273-0448,,,,unmatched_or_ambiguous,기존 주택 CSV의 건물 좌표; 음식점 자체 측량 좌표 아님
엄마손집밥,덕진구 덕진동1가,전북특별자치도 전주시 덕진구 덕진동 1402-16,전북특별자치도 전주시 덕진구 사평3길 3,063-273-7705,,,,unmatched_or_ambiguous,기존 주택 CSV의 건물 좌표; 음식점 자체 측량 좌표 아님
the담다,덕진구 덕진동1가,전북특별자치도 전주시 덕진구 덕진동1가 664-6,전북특별자치도 전주시 덕진구 권삼득로 333,063-275-7778,,,,unmatched_or_ambiguous,기존 주택 CSV의 건물 좌표; 음식점 자체 측량 좌표 아님
샘물맥주_송천점,덕진구 송천동,전북특별자치도 전주시 덕진구 송천동2가 484-2,전북특별자치도 전주시 덕진구 붓내3길 3,063-251-6188,,,,unmatched_or_ambiguous,기존 주택 CSV의 건물 좌표; 음식점 자체 측량 좌표 아님
팔공티_서신점,완산구 서신동,전북특별자치도 전주시 완산구 서신동 762-1,전북특별자치도 전주시 완산구 당산로 34-2,0507-1471-1080,,,,unmatched_or_ambiguous,기존 주택 CSV의 건물 좌표; 음식점 자체 측량 좌표 아님
다가동떡볶이,완산구 다가동4가,전북특별자치도 전주시 완산구 다가동4가 83-9,전북특별자치도 전주시 완산구 전주객사2길 47,063-285-7877,,,,unmatched_or_ambiguous,기존 주택 CSV의 건물 좌표; 음식점 자체 측량 좌표 아님
오수장어_안행점,완산구 효자동1가,전북특별자치도 전주시 완산구 효자동1가 693-4,전북특별자치도 전주시 완산구 안행로 76,063-285-0592,,,,unmatched_or_ambiguous,기존 주택 CSV의 건물 좌표; 음식점 자체 측량 좌표 아님
이웃같이,완산구 효자5동,전북특별자치도 전주시 완산구 효자동3가 1626-8 1층,전북특별자치도 전주시 완산구 척동10길 11 1층,010-6256-4679,,,,unmatched_or_ambiguous,기존 주택 CSV의 건물 좌표; 음식점 자체 측량 좌표 아님
착한남자,완산구 효자동,전북특별자치도 전주시 완산구 효자동2가 1157-4 1층,전북특별자치도 전주시 완산구 홍산1길 7 1층,070-8691-2722,,,,unmatched_or_ambiguous,기존 주택 CSV의 건물 좌표; 음식점 자체 측량 좌표 아님
드보호,덕진구 송천동1가,전북특별자치도 전주시 덕진구 송천동1가 800-6,전북특별자치도 전주시 덕진구 시천로 72-1,063-255-9297,,,,unmatched_or_ambiguous,기존 주택 CSV의 건물 좌표; 음식점 자체 측량 좌표 아님
바겟버거전주대학교점,완산구 효자동2가,전북특별자치도 전주시 완산구 효자동2가 1080 스타센터 지상2층,전북특별자치도 전주시 완산구 천잠로 303 스타센터 지상2층,063-223-2010,,,,unmatched_or_ambiguous,기존 주택 CSV의 건물 좌표; 음식점 자체 측량 좌표 아님
수수께끼,완산구 효자동3가,전북특별자치도 전주시 완산구 효자동3가 1679-4,전북특별자치도 전주시 완산구 배학1길 4-6,063-222-5279,,,,unmatched_or_ambiguous,기존 주택 CSV의 건물 좌표; 음식점 자체 측량 좌표 아님
망원동티라미수_전주혁신점,덕진구 장동,전북특별자치도 전주시 덕진구 장동 1111 302동 D124호,전북특별자치도 전주시 덕진구 기지로 77 302동 D124호,063-254-1988,,,,unmatched_or_ambiguous,기존 주택 CSV의 건물 좌표; 음식점 자체 측량 좌표 아님
아하갈비,완산구 서신동,전북특별자치도 전주시 완산구 서신동 858-5,전북특별자치도 전주시 완산구 전룡2길 3-6,063-252-0270,,,,unmatched_or_ambiguous,기존 주택 CSV의 건물 좌표; 음식점 자체 측량 좌표 아님
카페인중독_전주완산점,완산구 효자동,전북특별자치도 전주시 완산구 효자동2가 1157-4 SK Leaders view MALL 159호,전북특별자치도 전주시 완산구 홍산1길 7 SK Leaders view MALL 159호,063-225-2353,,,,unmatched_or_ambiguous,기존 주택 CSV의 건물 좌표; 음식점 자체 측량 좌표 아님
모모김밥,덕진구 송천동,전북특별자치도 전주시 덕진구 송천동1가 292-7,전북특별자치도 전주시 덕진구 송천로1,063-255-3936,,,,unmatched_or_ambiguous,기존 주택 CSV의 건물 좌표; 음식점 자체 측량 좌표 아님
코블리랜드,완산구 중화산동2가,전북특별자치도 전주시 완산구 중화산동2가 545 은하아파트 상가,전북특별자치도 전주시 완산구 서원로 270 은하아파트 상가,0507-1304-7343,,,,unmatched_or_ambiguous,기존 주택 CSV의 건물 좌표; 음식점 자체 측량 좌표 아님
스위트박스_신시가지점,완산구 효자5동,전북특별자치도 전주시 완산구 효자동2가 1157-4 상가 140호,전북특별자치도 전주시 완산구 홍산1길 7 상가 140호,063-909-9437,,,,unmatched_or_ambiguous,기존 주택 CSV의 건물 좌표; 음식점 자체 측량 좌표 아님
누이단팥빵,덕진구 송천2동,전북특별자치도 전주시 덕진구 전미동1가 60-2,"전북특별자치도 전주시 덕진구 과학로 202, 1층",063-274-0010,,,,unmatched_or_ambiguous,기존 주택 CSV의 건물 좌표; 음식점 자체 측량 좌표 아님
풍남정신관,완산구 전동,전북특별자치도 전주시 완산구 전동 211-1,전북특별자치도 전주시 완산구 팔달로 108,0507-1317-8754,,,,unmatched_or_ambiguous,기존 주택 CSV의 건물 좌표; 음식점 자체 측량 좌표 아님
5븐안에,덕진구 송천동,전북특별자치도 전주시 덕진구 송천동1가 837-1,전북특별자치도 전주시 덕진구 송천로 112-9,010-4657-9596,,,,conflicting_road_parcel,기존 주택 CSV의 건물 좌표; 음식점 자체 측량 좌표 아님
육돈,덕진구 혁신동,전북특별자치도 전주시 덕진구 중동 786-3,전북특별자치도 전주시 덕진구 오정1길 30,063-222-4415,,,,unmatched_or_ambiguous,기존 주택 CSV의 건물 좌표; 음식점 자체 측량 좌표 아님
황가네짬뽕,덕진구 우아1동,전북특별자치도 전주시 덕진구 우아동3가 754-4,전북특별자치도 전주시 덕진구 견훤로 362,063-241-6772,,,,unmatched_or_ambiguous,기존 주택 CSV의 건물 좌표; 음식점 자체 측량 좌표 아님
비박스커피,덕진구 송천동2가,전북특별자치도 전주시 덕진구 송천동2가 175-52,전북특별자치도 전주시 덕진구 사근1길 10,063-255-1793,,,,unmatched_or_ambiguous,기존 주택 CSV의 건물 좌표; 음식점 자체 측량 좌표 아님
더리터_에코자이점,덕진구 송천1동,전북특별자치도 전주시 덕진구 송천동2가 1307 에코시티자이2차상가 2동 102호,"전북특별자치도 전주시 덕진구 세병로 141, 에코시티자이2차상가 2동 1층 102호",063-272-6153,,,,unmatched_or_ambiguous,기존 주택 CSV의 건물 좌표; 음식점 자체 측량 좌표 아님
두끼_전주객사점,완산구 고사동,전북특별자치도 전주시 완산구 고사동 96-1 NC-Wave A-B1F,전북특별자치도 전주시 완산구 전주객사5길 35 NC-Wave A-B1F,063-710-5221,,,,unmatched_or_ambiguous,기존 주택 CSV의 건물 좌표; 음식점 자체 측량 좌표 아님
바르미샤브샤브_전주,완산구 효자동,전북특별자치도 전주시 완산구 효자동1가 434,"전북특별자치도 전주시 완산구 용머리로 45, 2층",063-236-7300,,,,unmatched_or_ambiguous,기존 주택 CSV의 건물 좌표; 음식점 자체 측량 좌표 아님
트롯포차,덕진구 송천동,전북특별자치도 전주시 덕진구 송천동2가 175-52 101호,전북특별자치도 전주시 덕진구 사근1길 10 101호,070-8623-1793,,,,unmatched_or_ambiguous,기존 주택 CSV의 건물 좌표; 음식점 자체 측량 좌표 아님
호야돌솥밥,덕진구 송천1동,전북특별자치도 전주시 덕진구 송천동 1가 375-5,전북특별자치도 전주시 덕진구 송천 중앙로 100-2,0504-2015-2648,,,,unmatched_or_ambiguous,기존 주택 CSV의 건물 좌표; 음식점 자체 측량 좌표 아님
달달한오후,덕진구 송천동,전북특별자치도 전주시 덕진구 송천동1가  292-7 센트럴파크 단독상가동 106호,전북특별자치도 전주시 덕진구 송천로 1 센트럴파크 단독상가동 106호,063-273-0018,,,,unmatched_or_ambiguous,기존 주택 CSV의 건물 좌표; 음식점 자체 측량 좌표 아님
