행정동,인구수,세대수,원룸 및 주택 밀집,쓰레기 민원 빈도,연간 쓰레기 배출량 예측 값,전체 인구 대비 지역 인구 비율
중앙동,9646,4885,0.023655913978494623,0.1411764705882353,0.0,0.015107874231567406
풍남동,3549,2242,0.010752688172043012,0.0,0.0,0.005558557500293669
노송동,10362,5456,0.05663082437275985,0.2117647058823529,0.0,0.016229296370257253
완산동,4881,2594,0.020788530465949823,0.08235294117647057,0.0,0.00764477857394573
동서학동,5823,3113,0.015770609318996414,0.03529411764705882,0.0,0.009120169153060026
서서학동,7916,4306,0.012186379928315411,0.0,0.0,0.012398292807079369
중화산1동,13510,6330,0.08172043010752687,0.27058823529411763,0.012629537503995647,0.021159794823603115
중화산2동,18950,9204,0.3548387096774194,0.5294117647058822,0.07343587636275906,0.029680097106386312
서신동,38869,17539,0.5232974910394266,0.6000000000000001,0.480663667287232,0.06087787305689338
평화1동,11847,7009,0.037275985663082434,0.08235294117647057,0.0,0.01855515094561259
평화2동,43236,18596,0.15340501792114697,0.27058823529411763,0.5528681968536943,0.06771760836367909
삼천1동,11582,5336,0.03942652329749104,0.047058823529411764,0.0,0.018140099455734367
삼천2동,12294,6038,0.3863799283154122,0.29411764705882354,0.0,0.01925525666627511
삼천3동,20663,9155,0.017204301075268817,0.7647058823529411,0.08001148302477468,0.03236305258624065
효자1동,12809,5881,0.020788530465949823,0.08235294117647057,0.012629537503995647,0.020061866165472415
효자2동,9115,4453,0.06164874551971326,0.25882352941176473,0.0,0.01427620501977368
효자3동,13835,5970,0.025806451612903226,0.058823529411764705,0.012629537503995647,0.021668820235717923
효자4동,38595,16731,0.4824372759856631,0.5176470588235293,0.5017914306137871,0.06044872547867967
효자5동,36079,18556,1.0,0.6588235294117646,0.352183510763009,0.056508085672892436
진북동,12531,6522,0.051612903225806445,0.23529411764705882,0.0,0.0196264536591096
인후1동,17185,7423,0.09175627240143369,0.7176470588235293,0.04617844004826588,0.0269156975605936
인후2동,10241,5707,0.1046594982078853,0.38823529411764707,0.0,0.016039782293746817
인후3동,30137,14449,0.34910394265232975,0.4588235294117647,0.7402521182565419,0.04720153490739653
덕진동,20643,10992,0.2924731182795699,0.6470588235294117,0.1015116571672795,0.032331727945495124
금암1동,8041,5834,0.21863799283154123,1.0,0.0,0.012594071811738909
금암2동,9449,5175,0.09103942652329748,0.30588235294117644,0.0,0.014799326520223971
팔복동,7354,4506,0.051612903225806445,0.5411764705882354,0.0,0.011518070402130076
우아1동,11939,5933,0.1017921146953405,0.27058823529411763,0.0,0.018699244293042015
우아2동,13795,7669,0.2702508960573477,0.29411764705882354,0.027784982508790246,0.02160617095422687
호성동,18593,7887,0.0,0.1411764705882353,0.04617844004826588,0.029120952269078664
송천1동,64691,24347,0.14265232974910394,0.3764705882352941,1.0,0.10132111672344257
송천2동,26465,11126,0.045878136200716846,0.35294117647058826,0.06016661124412914,0.04145033086651787
조촌동,12032,6263,0.0035842293906810027,0.24705882352941178,0.0,0.01884490387250871
여의동,15887,7125,0.0021505376344086013,0.39999999999999997,0.02956664109713003,0.024882728376208935
혁신동,35931,13029,0.23870967741935484,0.5294117647058822,0.8121395760229574,0.05627628333137554
