rank,행정동,Longitude,Latitude,housing_within_100m,housing_normalized,violations_within_100m,violations_normalized,restaurants_within_100m,restaurants_normalized,score,nearest_building_address,distance_to_nearest_building_m
1,효자5동,127.09919011632482,35.83548329141214,54,0.6923076923076923,2,0.4,14,0.358974358974359,0.4837606837606838,전북특별자치도 전주시 완산구 서곡1길 19,1.532587702451211
2,효자5동,127.10473146360553,35.81841537908731,1,0.01282051282051282,5,1.0,10,0.2564102564102564,0.4230769230769231,전북특별자치도 전주시 완산구 홍산북로 17-10,69.38900042792523
3,효자5동,127.09697357741253,35.822008623787276,32,0.41025641025641024,4,0.8,2,0.05128205128205128,0.4205128205128206,전북특별자치도 전주시 완산구 척동3길 25-12,22.323275294302785
4,효자5동,127.09919011632482,35.822008623787276,78,1.0,1,0.2,2,0.05128205128205128,0.4170940170940171,전북특별자치도 전주시 완산구 척동3길 5-4,8.181452310141355
5,효자5동,127.10029838578096,35.83458498023715,39,0.5,1,0.2,21,0.5384615384615384,0.41282051282051285,전북특별자치도 전주시 완산구 서곡1길 1-6,7.7064211401961
6,효자5동,127.10473146360553,35.819313690262305,0,0.0,5,1.0,9,0.23076923076923078,0.4102564102564103,전북특별자치도 전주시 완산구 홍산북로 17-10,126.09416235622977
7,효자5동,127.10029838578096,35.822008623787276,76,0.9743589743589743,1,0.2,1,0.02564102564102564,0.39999999999999997,전북특별자치도 전주시 완산구 척동4길 6-4,2.6772462160504413
8,효자5동,127.10251492469325,35.83368666906216,48,0.6153846153846154,2,0.4,7,0.1794871794871795,0.39829059829059826,전북특별자치도 전주시 완산구 서곡2길 20,7.804597115044167
9,효자5동,127.09475703850025,35.81841537908731,12,0.15384615384615385,5,1.0,1,0.02564102564102564,0.3931623931623931,전북특별자치도 전주시 완산구 배학1길 16-1,51.41270807366875
10,효자5동,127.1014066552371,35.83368666906216,45,0.5769230769230769,2,0.4,7,0.1794871794871795,0.38547008547008543,전북특별자치도 전주시 완산구 서곡2길 10-9,8.928023545030563
11,효자5동,127.10251492469325,35.83278835788717,52,0.6666666666666666,1,0.2,10,0.2564102564102564,0.37435897435897436,전북특별자치도 전주시 완산구 세내로 516,18.268945831082576
12,효자5동,127.09919011632482,35.82290693496227,70,0.8974358974358975,1,0.2,1,0.02564102564102564,0.37435897435897436,전북특별자치도 전주시 완산구 척동5길 5-4,9.013189005350242
13,효자5동,127.10029838578096,35.82290693496227,67,0.8589743589743589,1,0.2,2,0.05128205128205128,0.3700854700854701,전북특별자치도 전주시 완산구 척동6길 6-4,6.481778390155782
14,효자5동,127.10473146360553,35.827398490837226,44,0.5641025641025641,1,0.2,13,0.3333333333333333,0.3658119658119658,전북특별자치도 전주시 완산구 문학대5길 25,7.1287273952883305
15,효자5동,127.09586530795639,35.821110312612284,15,0.19230769230769232,4,0.8,4,0.10256410256410256,0.364957264957265,전북특별자치도 전주시 완산구 천잠로 386,44.7285996828594
16,효자5동,127.10362319414939,35.82650017966223,61,0.782051282051282,1,0.2,3,0.07692307692307693,0.352991452991453,전북특별자치도 전주시 완산구 문학대4길 18-4,4.30888722850021
17,효자5동,127.10362319414939,35.827398490837226,46,0.5897435897435898,2,0.4,2,0.05128205128205128,0.34700854700854705,전북특별자치도 전주시 완산구 문학대5길 13,24.37123455202868
18,효자5동,127.1014066552371,35.83458498023715,60,0.7692307692307693,0,0.0,10,0.2564102564102564,0.34188034188034183,전북특별자치도 전주시 완산구 서곡2길 1-4,20.718393909750546
19,효자5동,127.10473146360553,35.82650017966223,53,0.6794871794871795,0,0.0,13,0.3333333333333333,0.3376068376068376,전북특별자치도 전주시 완산구 문학대4길 28-6,12.725109679630684
20,효자5동,127.1091645414301,35.81751706791232,0,0.0,0,0.0,39,1.0,0.3333333333333333,전북특별자치도 전주시 완산구 홍산로 276,257.0790040456437
21,효자5동,127.09919011632482,35.83638160258713,36,0.46153846153846156,2,0.4,5,0.1282051282051282,0.3299145299145299,전북특별자치도 전주시 완산구 서곡3길 23-8,5.720450040587605
22,효자5동,127.10251492469325,35.82650017966223,52,0.6666666666666666,1,0.2,4,0.10256410256410256,0.3230769230769231,전북특별자치도 전주시 완산구 문학대4길 8-4,6.27674447515664
23,효자5동,127.10029838578096,35.82470355731225,58,0.7435897435897436,1,0.2,1,0.02564102564102564,0.3230769230769231,전북특별자치도 전주시 완산구 척동10길 4,7.55701342252086
24,효자5동,127.10029838578096,35.83548329141214,55,0.7051282051282052,0,0.0,10,0.2564102564102564,0.32051282051282054,전북특별자치도 전주시 완산구 서곡1길 14-26,21.838977359431116
25,효자5동,127.09919011632482,35.821110312612284,45,0.5769230769230769,1,0.2,7,0.1794871794871795,0.3188034188034188,전북특별자치도 전주시 완산구 마전들로 33-1,11.064667009216038
26,효자5동,127.10029838578096,35.83817822493712,9,0.11538461538461539,4,0.8,1,0.02564102564102564,0.3136752136752137,전북특별자치도 전주시 완산구 서곡5길 21,46.12636465186505
27,효자5동,127.09697357741253,35.821110312612284,39,0.5,1,0.2,9,0.23076923076923078,0.31025641025641026,전북특별자치도 전주시 완산구 마전들로 13,18.739564682874608
28,효자5동,127.09808184686868,35.821110312612284,45,0.5769230769230769,1,0.2,6,0.15384615384615385,0.3102564102564102,전북특별자치도 전주시 완산구 마전들로 23,9.196552473461372
29,효자5동,127.09808184686868,35.822008623787276,66,0.8461538461538461,0,0.0,3,0.07692307692307693,0.3076923076923077,전북특별자치도 전주시 완산구 척동3길 17,12.946468735952026
30,효자5동,127.1014066552371,35.83278835788717,40,0.5128205128205128,1,0.2,8,0.20512820512820512,0.30598290598290595,전북특별자치도 전주시 완산구 세내로 525,8.228871233153138
31,효자5동,127.1014066552371,35.83638160258713,63,0.8076923076923077,0,0.0,4,0.10256410256410256,0.3034188034188034,전북특별자치도 전주시 완산구 서곡3길 2-11,7.672547114515107
32,효자5동,127.10029838578096,35.82380524613726,69,0.8846153846153846,0,0.0,1,0.02564102564102564,0.3034188034188034,전북특별자치도 전주시 완산구 척동8길 5-3,0.34070657754937983
33,효자5동,127.10805627197396,35.81572044556234,0,0.0,0,0.0,35,0.8974358974358975,0.29914529914529914,전북특별자치도 전주시 완산구 홍산2길 10,235.92139093881948
34,효자5동,127.1091645414301,35.81572044556234,0,0.0,0,0.0,35,0.8974358974358975,0.29914529914529914,전북특별자치도 전주시 완산구 홍산2길 10,168.82348246222887
35,효자5동,127.09697357741253,35.8202120014373,50,0.6410256410256411,0,0.0,9,0.23076923076923078,0.2905982905982906,전북특별자치도 전주시 완산구 용호로 191,13.144650151646974
36,효자5동,127.1014066552371,35.82470355731225,32,0.41025641025641024,2,0.4,2,0.05128205128205128,0.2871794871794872,전북특별자치도 전주시 완산구 척동10길 14,7.1750439694331405
37,효자5동,127.1014066552371,35.827398490837226,39,0.5,1,0.2,6,0.15384615384615385,0.2846153846153846,전북특별자치도 전주시 완산구 황강서원4길 15-10,19.45753642907856
38,효자5동,127.1014066552371,35.82560186848724,33,0.4230769230769231,2,0.4,1,0.02564102564102564,0.2829059829059829,전북특별자치도 전주시 완산구 문학대1길 8,20.232625149363024
39,효자5동,127.1091645414301,35.816618756737334,0,0.0,0,0.0,33,0.8461538461538461,0.28205128205128205,전북특별자치도 전주시 완산구 홍산2길 10,259.96507132827037
40,효자5동,127.1014066552371,35.83548329141214,52,0.6666666666666666,0,0.0,7,0.1794871794871795,0.28205128205128205,전북특별자치도 전주시 완산구 서곡로 73-1,4.016964458628704
41,효자5동,127.10029838578096,35.8202120014373,56,0.717948717948718,0,0.0,5,0.1282051282051282,0.28205128205128205,전북특별자치도 전주시 완산구 배학4길 40-6,3.3269322258103764
42,효자5동,127.10029838578096,35.83638160258713,61,0.782051282051282,0,0.0,2,0.05128205128205128,0.2777777777777778,전북특별자치도 전주시 완산구 서곡3길 15,10.211509396540023
43,효자5동,127.10029838578096,35.821110312612284,49,0.6282051282051282,0,0.0,8,0.20512820512820512,0.27777777777777773,전북특별자치도 전주시 완산구 마전들로 39,29.339116264075898
44,효자5동,127.09808184686868,35.83548329141214,18,0.23076923076923078,2,0.4,7,0.1794871794871795,0.27008547008547007,전북특별자치도 전주시 완산구 서곡1길 23-6,33.52299378258431
45,효자5동,127.09919011632482,35.82380524613726,63,0.8076923076923077,0,0.0,0,0.0,0.2692307692307692,전북특별자치도 전주시 완산구 척동7길 6-3,7.168605703458007
46,효자5동,127.10251492469325,35.82560186848724,39,0.5,1,0.2,4,0.10256410256410256,0.2675213675213675,전북특별자치도 전주시 완산구 문학대2길 7,9.923257744173291
47,효자5동,127.10583973306169,35.831890046712175,0,0.0,4,0.8,0,0.0,0.26666666666666666,전북특별자치도 전주시 완산구 세내로 504-5,211.30600567777958
48,효자5동,127.09808184686868,35.82290693496227,61,0.782051282051282,0,0.0,0,0.0,0.2606837606837607,전북특별자치도 전주시 완산구 척동3길 26-18,6.003067450107908
49,효자5동,127.10805627197396,35.81482213438735,0,0.0,0,0.0,30,0.7692307692307693,0.25641025641025644,전북특별자치도 전주시 완산구 홍산2길 10,191.25488914677535
50,효자5동,127.10029838578096,35.82829680201221,60,0.7692307692307693,0,0.0,0,0.0,0.25641025641025644,전북특별자치도 전주시 완산구 황강서원4길 3,8.212603833865854
51,효자5동,127.09919011632482,35.83458498023715,32,0.41025641025641024,0,0.0,14,0.358974358974359,0.2564102564102564,전북특별자치도 전주시 완산구 서곡1길 13-8,31.518394290636728
52,효자5동,127.10473146360553,35.82829680201221,40,0.5128205128205128,1,0.2,2,0.05128205128205128,0.2547008547008547,전북특별자치도 전주시 완산구 문학대6길 26,3.7276730157551374
53,효자5동,127.1014066552371,35.82829680201221,55,0.7051282051282052,0,0.0,2,0.05128205128205128,0.2521367521367522,전북특별자치도 전주시 완산구 황강서원4길 3-12,2.573899802420345
54,효자5동,127.10805627197396,35.81751706791232,0,0.0,0,0.0,29,0.7435897435897436,0.24786324786324787,전북특별자치도 전주시 완산구 홍산로 276,164.9188569478331
55,효자5동,127.11027281088626,35.816618756737334,0,0.0,0,0.0,29,0.7435897435897436,0.24786324786324787,전북특별자치도 전주시 완산구 홍산2길 10,245.81355503466798
56,효자5동,127.11027281088626,35.81751706791232,0,0.0,0,0.0,29,0.7435897435897436,0.24786324786324787,전북특별자치도 전주시 완산구 홍산2길 10,345.69462523786757
57,효자5동,127.10251492469325,35.83548329141214,52,0.6666666666666666,0,0.0,3,0.07692307692307693,0.24786324786324787,전북특별자치도 전주시 완산구 서곡4길 7,5.602674412042946
58,효자5동,127.1091645414301,35.81841537908731,0,0.0,1,0.2,21,0.5384615384615384,0.24615384615384617,전북특별자치도 전주시 완산구 효자로 194,244.19813591393623
59,효자5동,127.10029838578096,35.837279913762124,36,0.46153846153846156,1,0.2,3,0.07692307692307693,0.24615384615384617,전북특별자치도 전주시 완산구 서곡5길 23-19,4.126542134684067
60,효자5동,127.10583973306169,35.827398490837226,10,0.1282051282051282,2,0.4,8,0.20512820512820512,0.24444444444444446,전북특별자치도 전주시 완산구 문학대5길 32,59.526392095729086
61,효자5동,127.10029838578096,35.83368666906216,19,0.24358974358974358,1,0.2,11,0.28205128205128205,0.24188034188034188,전북특별자치도 전주시 완산구 서곡2길 2-9,55.64557513790928
62,효자5동,127.09919011632482,35.82829680201221,56,0.717948717948718,0,0.0,0,0.0,0.23931623931623933,전북특별자치도 전주시 완산구 황강서원2길 3-6,9.196733284277059
63,효자5동,127.09697357741253,35.81482213438735,32,0.41025641025641024,1,0.2,4,0.10256410256410256,0.23760683760683762,전북특별자치도 전주시 완산구 용호로 129-1,14.649784136001154
64,효자5동,127.09808184686868,35.813923823212356,38,0.48717948717948717,1,0.2,1,0.02564102564102564,0.23760683760683762,전북특별자치도 전주시 완산구 농소2길 10-1,5.275035322078416
65,효자5동,127.09475703850025,35.81482213438735,8,0.10256410256410256,3,0.6,0,0.0,0.23418803418803416,전북특별자치도 전주시 완산구 농소1길 23,34.70463096026747
66,효자5동,127.09586530795639,35.822008623787276,8,0.10256410256410256,3,0.6,0,0.0,0.23418803418803416,전북특별자치도 전주시 완산구 척동1길 32-3,65.76080110545222
67,효자5동,127.09808184686868,35.81482213438735,50,0.6410256410256411,0,0.0,2,0.05128205128205128,0.2307692307692308,전북특별자치도 전주시 완산구 농소4길 10-5,9.923524545377584
68,효자5동,127.10251492469325,35.83458498023715,50,0.6410256410256411,0,0.0,2,0.05128205128205128,0.2307692307692308,전북특별자치도 전주시 완산구 서곡2길 13-7,11.706524939417829
69,효자5동,127.1014066552371,35.822008623787276,36,0.46153846153846156,0,0.0,9,0.23076923076923078,0.23076923076923075,전북특별자치도 전주시 완산구 척동4길 16-4,6.982818100243062
70,효자5동,127.1014066552371,35.837279913762124,46,0.5897435897435898,0,0.0,4,0.10256410256410256,0.23076923076923075,전북특별자치도 전주시 완산구 서곡5길 13,2.7935342719333276
71,효자5동,127.09475703850025,35.813923823212356,7,0.08974358974358974,3,0.6,0,0.0,0.2299145299145299,전북특별자치도 전주시 완산구 농소1길 15-1,16.654682107325982
72,효자5동,127.10362319414939,35.82829680201221,41,0.5256410256410257,0,0.0,6,0.15384615384615385,0.2264957264957265,전북특별자치도 전주시 완산구 문학대6길 16,4.502858954188731
73,효자5동,127.09808184686868,35.819313690262305,43,0.5512820512820513,0,0.0,5,0.1282051282051282,0.2264957264957265,전북특별자치도 전주시 완산구 배학2길 9-6,6.931130399833225
74,효자5동,127.10251492469325,35.827398490837226,25,0.32051282051282054,1,0.2,6,0.15384615384615385,0.2247863247863248,전북특별자치도 전주시 완산구 문학대5길 6,32.48142723381641
75,효자5동,127.10251492469325,35.831890046712175,25,0.32051282051282054,1,0.2,6,0.15384615384615385,0.2247863247863248,전북특별자치도 전주시 완산구 서곡7길 9-3,5.025373879490562
76,효자5동,127.10251492469325,35.82829680201221,31,0.3974358974358974,1,0.2,3,0.07692307692307693,0.2247863247863248,전북특별자치도 전주시 완산구 문학대6길 5-1,27.431252761212992
77,효자5동,127.09697357741253,35.813923823212356,29,0.3717948717948718,1,0.2,4,0.10256410256410256,0.22478632478632476,전북특별자치도 전주시 완산구 농소1길 1,11.243172383819951
78,효자5동,127.10805627197396,35.816618756737334,0,0.0,0,0.0,26,0.6666666666666666,0.2222222222222222,전북특별자치도 전주시 완산구 홍산로 276,230.45829248882507
79,효자5동,127.10362319414939,35.83368666906216,26,0.3333333333333333,1,0.2,5,0.1282051282051282,0.2205128205128205,전북특별자치도 전주시 완산구 서곡4길 33,7.582409274061084
80,효자5동,127.09586530795639,35.819313690262305,45,0.5769230769230769,0,0.0,3,0.07692307692307693,0.21794871794871792,전북특별자치도 전주시 완산구 배학3길 13-8,31.303699166676616
81,효자5동,127.1014066552371,35.829195113187204,32,0.41025641025641024,1,0.2,1,0.02564102564102564,0.211965811965812,전북특별자치도 전주시 완산구 황강서원5길 19,13.70469607306503
82,효자5동,127.10029838578096,35.827398490837226,34,0.4358974358974359,1,0.2,0,0.0,0.21196581196581196,전북특별자치도 전주시 완산구 황강서원4길 15,12.573848178785289
83,효자5동,127.10805627197396,35.81841537908731,0,0.0,0,0.0,24,0.6153846153846154,0.20512820512820515,전북특별자치도 전주시 완산구 효자로 194,145.0299704057964
84,효자5동,127.10251492469325,35.83638160258713,44,0.5641025641025641,0,0.0,2,0.05128205128205128,0.20512820512820515,전북특별자치도 전주시 완산구 서곡6길 4-6,8.641278195128457
85,효자5동,127.10362319414939,35.822008623787276,0,0.0,1,0.2,16,0.41025641025641024,0.20341880341880345,전북특별자치도 전주시 완산구 척동4길 14,205.3415151018582
86,효자5동,127.10473146360553,35.81572044556234,0,0.0,1,0.2,16,0.41025641025641024,0.20341880341880345,전북특별자치도 전주시 완산구 홍산북로 17-10,302.5890285198386
87,효자5동,127.1113810803424,35.816618756737334,0,0.0,2,0.4,8,0.20512820512820512,0.20170940170940174,전북특별자치도 전주시 완산구 홍산2길 10,270.67835038461465
88,효자5동,127.09808184686868,35.8202120014373,39,0.5,0,0.0,4,0.10256410256410256,0.20085470085470084,전북특별자치도 전주시 완산구 배학4길 9-3,27.372143245114195
89,효자5동,127.1014066552371,35.82290693496227,39,0.5,0,0.0,4,0.10256410256410256,0.20085470085470084,전북특별자치도 전주시 완산구 척동6길 16-4,7.809811406268423
90,효자5동,127.09919011632482,35.82470355731225,45,0.5769230769230769,0,0.0,1,0.02564102564102564,0.20085470085470084,전북특별자치도 전주시 완산구 척동9길 8,17.87583370846567
91,효자5동,127.1091645414301,35.82560186848724,0,0.0,3,0.6,0,0.0,0.19999999999999998,전북특별자치도 전주시 완산구 문학대2길 33,323.5189767849272
92,효자5동,127.10583973306169,35.82829680201221,13,0.16666666666666666,2,0.4,1,0.02564102564102564,0.19743589743589743,전북특별자치도 전주시 완산구 문학대6길 32-1,21.772262275167563
93,효자5동,127.10362319414939,35.82560186848724,42,0.5384615384615384,0,0.0,1,0.02564102564102564,0.18803418803418803,전북특별자치도 전주시 완산구 문학대2길 15,8.336595430169771
94,효자5동,127.1014066552371,35.82650017966223,31,0.3974358974358974,0,0.0,6,0.15384615384615385,0.18376068376068377,전북특별자치도 전주시 완산구 문학대3길 3-4,5.971198025405399
95,효자5동,127.09697357741253,35.819313690262305,33,0.4230769230769231,0,0.0,5,0.1282051282051282,0.18376068376068377,전북특별자치도 전주시 완산구 용호로 179,17.783929934908155
96,효자5동,127.1014066552371,35.8202120014373,33,0.4230769230769231,0,0.0,5,0.1282051282051282,0.18376068376068377,전북특별자치도 전주시 완산구 배학4길 50-6,7.8292378144775805
97,효자5동,127.10251492469325,35.829195113187204,23,0.2948717948717949,1,0.2,2,0.05128205128205128,0.18205128205128207,전북특별자치도 전주시 완산구 황강서원5길 9,9.851202989780033
98,효자5동,127.10362319414939,35.83278835788717,24,0.3076923076923077,0,0.0,9,0.23076923076923078,0.17948717948717952,전북특별자치도 전주시 완산구 서곡4길 45-11,11.872304483775604
99,효자5동,127.10473146360553,35.816618756737334,0,0.0,0,0.0,21,0.5384615384615384,0.1794871794871795,전북특별자치도 전주시 완산구 홍산북로 17-10,206.5067180031729
100,효자5동,127.11027281088626,35.81841537908731,0,0.0,0,0.0,21,0.5384615384615384,0.1794871794871795,전북특별자치도 전주시 완산구 효자로 194,343.8484649558893
101,효자5동,127.1014066552371,35.82380524613726,40,0.5128205128205128,0,0.0,1,0.02564102564102564,0.1794871794871795,전북특별자치도 전주시 완산구 척동8길 13-3,5.094399738100821
102,효자5동,127.08810742176338,35.822008623787276,8,0.10256410256410256,2,0.4,1,0.02564102564102564,0.17606837606837608,전북특별자치도 전주시 완산구 효자로 19-11,50.566441879712606
103,효자5동,127.10583973306169,35.82650017966223,19,0.24358974358974358,0,0.0,11,0.28205128205128205,0.17521367521367523,전북특별자치도 전주시 완산구 문학대4길 32-3,26.53060812985164
104,효자5동,127.09808184686868,35.82380524613726,41,0.5256410256410257,0,0.0,0,0.0,0.17521367521367523,전북특별자치도 전주시 완산구 척동7길 18,7.858654053376271
105,효자5동,127.10362319414939,35.81751706791232,1,0.01282051282051282,0,0.0,20,0.5128205128205128,0.17521367521367517,전북특별자치도 전주시 완산구 홍산북로 17-10,99.47160586667026
106,효자5동,127.1014066552371,35.821110312612284,21,0.2692307692307692,0,0.0,10,0.2564102564102564,0.17521367521367517,전북특별자치도 전주시 완산구 척동4길 16-8,63.43342251271336
107,효자5동,127.10362319414939,35.831890046712175,14,0.1794871794871795,1,0.2,5,0.1282051282051282,0.1692307692307692,전북특별자치도 전주시 완산구 세내로 505,33.44624302630444
108,효자5동,127.09586530795639,35.81841537908731,22,0.28205128205128205,1,0.2,1,0.02564102564102564,0.1692307692307692,전북특별자치도 전주시 완산구 배학1길 11,19.942124499022665
109,효자5동,127.1113810803424,35.81572044556234,0,0.0,2,0.4,4,0.10256410256410256,0.1675213675213675,전북특별자치도 전주시 완산구 홍산2길 10,184.89537389263694
110,효자5동,127.1014066552371,35.83817822493712,4,0.05128205128205128,2,0.4,2,0.05128205128205128,0.1675213675213675,전북특별자치도 전주시 완산구 서곡5길 17,80.6099386386708
111,효자5동,127.10694800251783,35.81751706791232,1,0.01282051282051282,0,0.0,19,0.48717948717948717,0.16666666666666666,전북특별자치도 전주시 완산구 홍산로 276,91.14189175524494
112,효자5동,127.11027281088626,35.81572044556234,0,0.0,0,0.0,19,0.48717948717948717,0.1623931623931624,전북특별자치도 전주시 완산구 홍산2길 10,146.0952899950698
113,효자5동,127.09586530795639,35.8202120014373,32,0.41025641025641024,0,0.0,3,0.07692307692307693,0.1623931623931624,전북특별자치도 전주시 완산구 배학3길 16-10,3.5213952087818896
114,효자5동,127.09919011632482,35.829195113187204,38,0.48717948717948717,0,0.0,0,0.0,0.1623931623931624,전북특별자치도 전주시 완산구 황강서원5길 39-5,12.93618533569386
115,효자5동,127.10029838578096,35.829195113187204,38,0.48717948717948717,0,0.0,0,0.0,0.1623931623931624,전북특별자치도 전주시 완산구 황강서원3길 6,10.82180793095437
116,효자5동,127.10251492469325,35.81751706791232,0,0.0,1,0.2,11,0.28205128205128205,0.1606837606837607,전북특별자치도 전주시 완산구 홍산북로 17-10,161.42884428355322
117,효자5동,127.10251492469325,35.822008623787276,0,0.0,1,0.2,11,0.28205128205128205,0.1606837606837607,전북특별자치도 전주시 완산구 척동4길 16-4,105.63044234851121
118,효자5동,127.09919011632482,35.827398490837226,34,0.4358974358974359,0,0.0,1,0.02564102564102564,0.15384615384615385,전북특별자치도 전주시 완산구 황강서원4길 16-11,11.831286831996163
119,효자5동,127.09475703850025,35.819313690262305,18,0.23076923076923078,1,0.2,1,0.02564102564102564,0.15213675213675215,전북특별자치도 전주시 완산구 배학1길 16-7,28.407554098536608
120,효자5동,127.1091645414301,35.81482213438735,1,0.01282051282051282,0,0.0,17,0.4358974358974359,0.14957264957264957,전북특별자치도 전주시 완산구 홍산2길 10,97.06131129709988
121,효자5동,127.10473146360553,35.82560186848724,33,0.4230769230769231,0,0.0,1,0.02564102564102564,0.14957264957264957,전북특별자치도 전주시 완산구 문학대2길 25,13.108365709739235
122,효자5동,127.10694800251783,35.81841537908731,2,0.02564102564102564,0,0.0,16,0.41025641025641024,0.1452991452991453,전북특별자치도 전주시 완산구 홍산로 276,48.92902239603722
123,효자5동,127.09808184686868,35.82829680201221,34,0.4358974358974359,0,0.0,0,0.0,0.1452991452991453,전북특별자치도 전주시 완산구 황강서원1길 4,28.046482803208562
124,효자5동,127.09919011632482,35.819313690262305,34,0.4358974358974359,0,0.0,0,0.0,0.1452991452991453,전북특별자치도 전주시 완산구 배학2길 20-1,12.392219956799773
125,효자5동,127.10251492469325,35.816618756737334,0,0.0,1,0.2,9,0.23076923076923078,0.1435897435897436,전북특별자치도 전주시 완산구 홍산북로 17-10,234.46613266447577
126,효자5동,127.08810742176338,35.82290693496227,0,0.0,2,0.4,1,0.02564102564102564,0.1418803418803419,전북특별자치도 전주시 완산구 만지길 15-14,115.78406641467407
127,효자5동,127.09919011632482,35.8202120014373,25,0.32051282051282054,0,0.0,4,0.10256410256410256,0.14102564102564105,전북특별자치도 전주시 완산구 배학4길 26,37.26553147138996
128,효자5동,127.10029838578096,35.819313690262305,33,0.4230769230769231,0,0.0,0,0.0,0.14102564102564102,전북특별자치도 전주시 완산구 배학2길 30-1,11.629080454792437
129,효자5동,127.10251492469325,35.837279913762124,13,0.16666666666666666,1,0.2,2,0.05128205128205128,0.13931623931623932,전북특별자치도 전주시 완산구 서곡5길 3-2,55.237727102859175
130,효자5동,127.08699915230724,35.821110312612284,1,0.01282051282051282,2,0.4,0,0.0,0.13760683760683762,전북특별자치도 전주시 완산구 효자로 19-5,90.22666968467396
131,효자5동,127.10473146360553,35.81751706791232,0,0.0,0,0.0,16,0.41025641025641024,0.13675213675213674,전북특별자치도 전주시 완산구 홍산북로 17-10,117.17477962654804
132,효자5동,127.10694800251783,35.81572044556234,0,0.0,0,0.0,16,0.41025641025641024,0.13675213675213674,전북특별자치도 전주시 완산구 홍산로 276,283.07672958527854
133,효자5동,127.10362319414939,35.83458498023715,26,0.3333333333333333,0,0.0,3,0.07692307692307693,0.13675213675213674,전북특별자치도 전주시 완산구 서곡4길 21,15.033501540934378
134,효자5동,127.10362319414939,35.821110312612284,0,0.0,1,0.2,8,0.20512820512820512,0.13504273504273503,전북특별자치도 전주시 완산구 척동4길 16-8,215.1566627455816
135,효자5동,127.08699915230724,35.822008623787276,0,0.0,2,0.4,0,0.0,0.13333333333333333,전북특별자치도 전주시 완산구 효자로 19-5,119.93458784810238
136,효자5동,127.09919011632482,35.83099173553719,0,0.0,2,0.4,0,0.0,0.13333333333333333,전북특별자치도 전주시 완산구 황강서원5길 35,181.12649092706812
137,효자5동,127.09808184686868,35.827398490837226,15,0.19230769230769232,1,0.2,0,0.0,0.13076923076923078,전북특별자치도 전주시 완산구 황강서원2길 4-8,24.635005849036453
138,효자5동,127.10805627197396,35.813923823212356,0,0.0,0,0.0,15,0.38461538461538464,0.12820512820512822,전북특별자치도 전주시 완산구 서원로 141,181.35605089257982
139,효자5동,127.1014066552371,35.831890046712175,28,0.358974358974359,0,0.0,1,0.02564102564102564,0.12820512820512822,전북특별자치도 전주시 완산구 서곡7길 18-4,7.288251854119302
140,효자5동,127.10362319414939,35.8202120014373,0,0.0,1,0.2,7,0.1794871794871795,0.1264957264957265,전북특별자치도 전주시 완산구 배학4길 50-8,206.24550346189164
141,효자5동,127.09808184686868,35.82470355731225,14,0.1794871794871795,1,0.2,0,0.0,0.1264957264957265,전북특별자치도 전주시 완산구 척동9길 9-2,57.00490085860651
142,효자5동,127.1091645414301,35.813923823212356,1,0.01282051282051282,0,0.0,14,0.358974358974359,0.12393162393162394,전북특별자치도 전주시 완산구 서원로 141,81.42098329086866
143,효자5동,127.10362319414939,35.83548329141214,27,0.34615384615384615,0,0.0,1,0.02564102564102564,0.12393162393162394,전북특별자치도 전주시 완산구 서곡6길 20,43.15944655901742
144,효자5동,127.10251492469325,35.82470355731225,5,0.0641025641025641,1,0.2,4,0.10256410256410256,0.12222222222222223,전북특별자치도 전주시 완산구 문학대2길 8,83.52662582625612
145,효자5동,127.10583973306169,35.81572044556234,0,0.0,0,0.0,14,0.358974358974359,0.11965811965811966,전북특별자치도 전주시 완산구 홍산로 276,285.02815630794754
146,효자5동,127.10473146360553,35.81482213438735,0,0.0,1,0.2,6,0.15384615384615385,0.11794871794871796,전북특별자치도 전주시 완산구 홍산북로 17-10,400.5935793055019
147,효자5동,127.10583973306169,35.81482213438735,0,0.0,1,0.2,6,0.15384615384615385,0.11794871794871796,전북특별자치도 전주시 완산구 홍산로 276,383.6063673721683
148,효자5동,127.09919011632482,35.837279913762124,10,0.1282051282051282,1,0.2,1,0.02564102564102564,0.11794871794871796,전북특별자치도 전주시 완산구 서곡3길 24-3,52.4750265903287
149,효자5동,127.10362319414939,35.81572044556234,0,0.0,0,0.0,13,0.3333333333333333,0.1111111111111111,전북특별자치도 전주시 완산구 홍산북로 17-10,296.1837125396057
150,효자5동,127.10583973306169,35.816618756737334,0,0.0,0,0.0,13,0.3333333333333333,0.1111111111111111,전북특별자치도 전주시 완산구 홍산로 276,187.95811950597047
151,효자5동,127.09808184686868,35.829195113187204,25,0.32051282051282054,0,0.0,0,0.0,0.10683760683760685,전북특별자치도 전주시 완산구 황강서원5길 49,40.508773510989506
152,효자5동,127.08921569121954,35.822008623787276,7,0.08974358974358974,1,0.2,1,0.02564102564102564,0.10512820512820514,전북특별자치도 전주시 완산구 만지길 15-12,27.193626594311482
153,효자5동,127.10362319414939,35.816618756737334,0,0.0,0,0.0,12,0.3076923076923077,0.10256410256410257,전북특별자치도 전주시 완산구 홍산북로 17-10,197.00176642255283
154,효자5동,127.10362319414939,35.819313690262305,0,0.0,0,0.0,12,0.3076923076923077,0.10256410256410257,전북특별자치도 전주시 완산구 홍산북로 17-10,109.83810437859589
155,효자5동,127.10362319414939,35.82290693496227,0,0.0,0,0.0,12,0.3076923076923077,0.10256410256410257,전북특별자치도 전주시 완산구 척동6길 13,202.4453301245729
156,효자5동,127.10694800251783,35.816618756737334,0,0.0,0,0.0,12,0.3076923076923077,0.10256410256410257,전북특별자치도 전주시 완산구 홍산로 276,184.98551195326027
157,효자5동,127.10583973306169,35.81751706791232,1,0.01282051282051282,0,0.0,11,0.28205128205128205,0.09829059829059829,전북특별자치도 전주시 완산구 홍산로 276,97.03329061891937
158,효자5동,127.10029838578096,35.82560186848724,21,0.2692307692307692,0,0.0,1,0.02564102564102564,0.09829059829059829,전북특별자치도 전주시 완산구 문학대1길 10-7,20.58776911043012
159,효자5동,127.10362319414939,35.82380524613726,0,0.0,0,0.0,11,0.28205128205128205,0.09401709401709402,전북특별자치도 전주시 완산구 문학대2길 20,186.7390819519976
160,효자5동,127.1014066552371,35.819313690262305,20,0.2564102564102564,0,0.0,1,0.02564102564102564,0.09401709401709402,전북특별자치도 전주시 완산구 배학2길 42-1,13.57773322109828
161,효자5동,127.09697357741253,35.82290693496227,22,0.28205128205128205,0,0.0,0,0.0,0.09401709401709402,전북특별자치도 전주시 완산구 척동3길 26-1,33.7558563495213
162,효자5동,127.09919011632482,35.81482213438735,22,0.28205128205128205,0,0.0,0,0.0,0.09401709401709402,전북특별자치도 전주시 완산구 농소4길 20-4,30.463598067583273
163,효자5동,127.1014066552371,35.81751706791232,0,0.0,1,0.2,3,0.07692307692307693,0.09230769230769231,전북특별자치도 전주시 완산구 배학2길 42-1,212.52640221808616
164,효자5동,127.09697357741253,35.81841537908731,18,0.23076923076923078,0,0.0,1,0.02564102564102564,0.08547008547008549,전북특별자치도 전주시 완산구 배학1길 1,28.714884036547197
165,효자5동,127.10251492469325,35.82290693496227,0,0.0,0,0.0,10,0.2564102564102564,0.08547008547008546,전북특별자치도 전주시 완산구 척동6길 16-4,105.4404567189397
166,효자5동,127.1113810803424,35.81751706791232,0,0.0,0,0.0,9,0.23076923076923078,0.07692307692307693,전북특별자치도 전주시 완산구 홍산2길 10,363.7956011918014
167,효자5동,127.1113810803424,35.81841537908731,0,0.0,0,0.0,9,0.23076923076923078,0.07692307692307693,전북특별자치도 전주시 완산구 효자로 194,443.65617782292156
168,효자5동,127.09808184686868,35.83458498023715,6,0.07692307692307693,0,0.0,6,0.15384615384615385,0.07692307692307693,전북특별자치도 전주시 완산구 서곡1길 23-12,52.45683803378765
169,효자5동,127.11027281088626,35.81482213438735,2,0.02564102564102564,0,0.0,8,0.20512820512820512,0.07692307692307691,전북특별자치도 전주시 완산구 홍산2길 10,47.57482189963061
170,효자5동,127.08921569121954,35.82290693496227,0,0.0,1,0.2,1,0.02564102564102564,0.07521367521367521,전북특별자치도 전주시 완산구 만지길 15-14,108.6483829436846
171,효자5동,127.10362319414939,35.81841537908731,1,0.01282051282051282,0,0.0,8,0.20512820512820512,0.07264957264957266,전북특별자치도 전주시 완산구 홍산북로 17-10,31.29704097116366
172,효자5동,127.09586530795639,35.813923823212356,13,0.16666666666666666,0,0.0,2,0.05128205128205128,0.07264957264957266,전북특별자치도 전주시 완산구 농소1길 11,8.061256069398814
173,효자5동,127.10029838578096,35.831890046712175,8,0.10256410256410256,0,0.0,4,0.10256410256410256,0.06837606837606837,전북특별자치도 전주시 완산구 서곡7길 24,58.104610443567935
174,효자5동,127.09808184686868,35.81841537908731,14,0.1794871794871795,0,0.0,1,0.02564102564102564,0.06837606837606837,전북특별자치도 전주시 완산구 배학2길 8-1,44.35851071501079
175,효자5동,127.08478261339496,35.822008623787276,0,0.0,1,0.2,0,0.0,0.06666666666666667,전북특별자치도 전주시 완산구 효자로 19-5,299.4733738915
176,효자5동,127.09254049958795,35.81841537908731,0,0.0,1,0.2,0,0.0,0.06666666666666667,전북특별자치도 전주시 완산구 배학1길 16-3,230.31664353231707
177,효자5동,127.09586530795639,35.81751706791232,0,0.0,1,0.2,0,0.0,0.06666666666666667,전북특별자치도 전주시 완산구 배학1길 11,119.75436664138644
178,효자5동,127.10251492469325,35.813923823212356,0,0.0,1,0.2,0,0.0,0.06666666666666667,전북특별자치도 전주시 완산구 농소2길 17-5,333.4512020434388
179,효자5동,127.10362319414939,35.837279913762124,0,0.0,1,0.2,0,0.0,0.06666666666666667,전북특별자치도 전주시 완산구 서곡6길 8,111.85529930194417
180,효자5동,127.10583973306169,35.822008623787276,0,0.0,1,0.2,0,0.0,0.06666666666666667,전북특별자치도 전주시 완산구 효자로 194,380.0901579616336
181,효자5동,127.1091645414301,35.819313690262305,0,0.0,1,0.2,0,0.0,0.06666666666666667,전북특별자치도 전주시 완산구 효자로 194,254.54067883894788
182,효자5동,127.11248934979854,35.82290693496227,0,0.0,1,0.2,0,0.0,0.06666666666666667,전북특별자치도 전주시 완산구 문학대2길 33,696.3206097465695
183,효자5동,127.11248934979854,35.82560186848724,0,0.0,1,0.2,0,0.0,0.06666666666666667,전북특별자치도 전주시 완산구 문학대2길 31-2,623.3640989742701
184,효자5동,127.11359761925468,35.821110312612284,0,0.0,1,0.2,0,0.0,0.06666666666666667,전북특별자치도 전주시 완산구 효자로 194,699.6453111795506
185,효자5동,127.10251492469325,35.819313690262305,1,0.01282051282051282,0,0.0,7,0.1794871794871795,0.06410256410256411,전북특별자치도 전주시 완산구 배학2길 42-1,95.4169120295362
186,효자5동,127.09919011632482,35.813923823212356,15,0.19230769230769232,0,0.0,0,0.0,0.06410256410256411,전북특별자치도 전주시 완산구 농소2길 17,46.138373124818536
187,효자5동,127.09919011632482,35.82560186848724,15,0.19230769230769232,0,0.0,0,0.0,0.06410256410256411,전북특별자치도 전주시 완산구 문학대1길 10-42,14.945872063447188
188,효자5동,127.10583973306169,35.82560186848724,15,0.19230769230769232,0,0.0,0,0.0,0.06410256410256411,전북특별자치도 전주시 완산구 문학대2길 33,25.528520574745606
189,효자5동,127.10251492469325,35.82380524613726,0,0.0,0,0.0,7,0.1794871794871795,0.05982905982905983,전북특별자치도 전주시 완산구 척동8길 13-3,105.09401860502702
190,효자5동,127.10362319414939,35.81482213438735,0,0.0,0,0.0,7,0.1794871794871795,0.05982905982905983,전북특별자치도 전주시 완산구 홍산북로 17-10,395.77757285368955
191,효자5동,127.10473146360553,35.8202120014373,0,0.0,0,0.0,7,0.1794871794871795,0.05982905982905983,전북특별자치도 전주시 완산구 홍산북로 17-10,216.75941082298615
192,효자5동,127.10362319414939,35.83638160258713,14,0.1794871794871795,0,0.0,0,0.0,0.05982905982905983,전북특별자치도 전주시 완산구 서곡6길 14,35.01190889899747
193,효자5동,127.09919011632482,35.82650017966223,11,0.14102564102564102,0,0.0,1,0.02564102564102564,0.05555555555555555,전북특별자치도 전주시 완산구 문학대1길 10-34,28.718410000682177
194,효자5동,127.10694800251783,35.813923823212356,0,0.0,0,0.0,6,0.15384615384615385,0.05128205128205129,전북특별자치도 전주시 완산구 서원로 141,281.33726711994365
195,효자5동,127.09697357741253,35.82829680201221,12,0.15384615384615385,0,0.0,0,0.0,0.05128205128205129,전북특별자치도 전주시 완산구 황강서원1길 3-13,23.41632021149826
196,효자5동,127.09919011632482,35.83368666906216,2,0.02564102564102564,0,0.0,5,0.1282051282051282,0.05128205128205127,전북특별자치도 전주시 완산구 서곡1길 5-11,86.45062189150997
197,효자5동,127.08921569121954,35.821110312612284,11,0.14102564102564102,0,0.0,0,0.0,0.04700854700854701,전북특별자치도 전주시 완산구 만지길 9-8,35.397620811961
198,효자5동,127.10362319414939,35.82470355731225,4,0.05128205128205128,0,0.0,3,0.07692307692307693,0.04273504273504273,전북특별자치도 전주시 완산구 문학대2길 16,86.91018589881776
199,효자5동,127.08810742176338,35.821110312612284,10,0.1282051282051282,0,0.0,0,0.0,0.04273504273504273,전북특별자치도 전주시 완산구 효자로 19-3,18.382613981043416
200,효자5동,127.09919011632482,35.83278835788717,0,0.0,0,0.0,4,0.10256410256410256,0.034188034188034185,전북특별자치도 전주시 완산구 서곡7길 24,163.204902532925
201,효자5동,127.09697357741253,35.829195113187204,7,0.08974358974358974,0,0.0,0,0.0,0.029914529914529916,전북특별자치도 전주시 완산구 황강서원1길 13,59.70503994572486
202,효자5동,127.08921569121954,35.82470355731225,0,0.0,0,0.0,2,0.05128205128205128,0.017094017094017092,전북특별자치도 전주시 완산구 만지길 15-14,303.12797837851053
203,효자5동,127.09475703850025,35.83278835788717,0,0.0,0,0.0,2,0.05128205128205128,0.017094017094017092,전북특별자치도 전주시 완산구 원서곡길 46-18,132.58503457328095
204,효자5동,127.11027281088626,35.813923823212356,2,0.02564102564102564,0,0.0,1,0.02564102564102564,0.017094017094017092,전북특별자치도 전주시 완산구 서원로 141,19.20249579260921
205,효자5동,127.09032396067568,35.821110312612284,4,0.05128205128205128,0,0.0,0,0.0,0.017094017094017092,전북특별자치도 전주시 완산구 만지길 22,24.805932004736192
206,효자5동,127.09143223013182,35.821110312612284,4,0.05128205128205128,0,0.0,0,0.0,0.017094017094017092,전북특별자치도 전주시 완산구 만지길 20-12,52.974639787516985
207,효자5동,127.09475703850025,35.83368666906216,1,0.01282051282051282,0,0.0,1,0.02564102564102564,0.012820512820512822,전북특별자치도 전주시 완산구 원서곡길 46-18,38.41276080540399
208,효자5동,127.09586530795639,35.8300934243622,0,0.0,0,0.0,1,0.02564102564102564,0.008547008547008546,전북특별자치도 전주시 완산구 황강서원1길 13,201.1036165976523
209,효자5동,127.09586530795639,35.83278835788717,0,0.0,0,0.0,1,0.02564102564102564,0.008547008547008546,전북특별자치도 전주시 완산구 원서곡길 46-18,151.3695842903047
210,효자5동,127.09697357741253,35.83099173553719,0,0.0,0,0.0,1,0.02564102564102564,0.008547008547008546,전북특별자치도 전주시 완산구 황강서원1길 13,246.97951646841915
211,효자5동,127.09697357741253,35.83368666906216,0,0.0,0,0.0,1,0.02564102564102564,0.008547008547008546,전북특별자치도 전주시 완산구 원서곡길 46-18,179.285971295586
212,효자5동,127.1014066552371,35.81482213438735,0,0.0,0,0.0,1,0.02564102564102564,0.008547008547008546,전북특별자치도 전주시 완산구 농소4길 18,227.48741131979196
213,효자5동,127.08921569121954,35.8202120014373,2,0.02564102564102564,0,0.0,0,0.0,0.008547008547008546,전북특별자치도 전주시 완산구 효자로 23,59.39150244048224
214,효자5동,127.09143223013182,35.8202120014373,2,0.02564102564102564,0,0.0,0,0.0,0.008547008547008546,전북특별자치도 전주시 완산구 만지길 20-8,54.89790920019493
