grid_x,grid_y,공식 음식점 상권,불법 투기 단속,주택 건물,total
110,74,18,0,1,19
115,72,5,0,13,18
111,76,3,0,13,16
110,76,0,2,11,13
111,68,4,0,9,13
114,73,9,0,3,12
112,64,1,0,11,12
117,74,11,0,0,11
116,74,3,0,8,11
113,69,7,0,4,11
111,74,11,0,0,11
110,75,3,0,7,10
110,67,7,0,3,10
115,71,7,0,1,8
112,69,1,0,7,8
114,68,6,2,0,8
114,80,8,0,0,8
109,62,0,0,7,7
115,70,2,0,5,7
120,87,6,1,0,7
116,72,7,0,0,7
117,70,7,0,0,7
120,88,6,0,0,6
110,61,0,0,6,6
116,76,3,0,3,6
114,70,6,0,0,6
117,71,6,0,0,6
110,59,0,0,6,6
111,72,0,0,6,6
112,72,0,0,5,5
110,68,1,0,4,5
114,72,4,0,1,5
111,71,3,0,2,5
110,66,2,0,3,5
109,66,3,1,1,5
113,64,0,0,5,5
114,81,5,0,0,5
112,70,1,0,4,5
109,64,3,0,1,4
110,63,0,0,4,4
109,61,0,0,4,4
112,63,0,0,4,4
113,65,2,0,2,4
109,65,0,1,3,4
109,77,0,4,0,4
115,73,4,0,0,4
113,81,4,0,0,4
115,81,4,0,0,4
114,66,4,0,0,4
111,63,1,0,3,4
114,71,3,0,0,3
121,80,3,0,0,3
117,77,1,2,0,3
112,73,0,0,3,3
113,66,0,1,2,3
113,67,3,0,0,3
111,77,0,0,3,3
112,74,3,0,0,3
118,77,1,2,0,3
121,74,0,0,3,3
114,69,3,0,0,3
113,74,3,0,0,3
112,71,0,2,1,3
111,67,1,0,2,3
111,61,0,0,3,3
111,73,3,0,0,3
109,60,0,0,3,3
123,84,3,0,0,3
114,82,3,0,0,3
109,76,1,1,0,2
109,58,0,0,2,2
109,57,2,0,0,2
115,66,2,0,0,2
115,82,2,0,0,2
109,75,2,0,0,2
110,60,0,0,2,2
113,80,2,0,0,2
114,74,2,0,0,2
122,74,0,0,2,2
119,70,2,0,0,2
122,85,2,0,0,2
112,79,2,0,0,2
113,73,0,0,2,2
111,65,0,0,2,2
111,75,1,0,1,2
116,70,2,0,0,2
110,58,0,0,2,2
110,71,1,1,0,2
109,67,1,1,0,2
109,74,2,0,0,2
114,67,1,1,0,2
108,60,1,0,0,1
108,58,0,0,1,1
108,57,0,1,0,1
109,63,0,0,1,1
108,62,1,0,0,1
109,72,1,0,0,1
109,59,0,0,1,1
110,73,1,0,0,1
113,68,0,1,0,1
113,59,0,1,0,1
112,68,0,0,1,1
111,62,0,0,1,1
111,66,0,0,1,1
109,73,1,0,0,1
110,64,0,0,1,1
114,76,0,1,0,1
116,73,1,0,0,1
115,83,0,1,0,1
115,77,0,1,0,1
115,75,1,0,0,1
114,84,0,1,0,1
115,61,1,0,0,1
117,79,0,1,0,1
116,77,1,0,0,1
119,76,0,1,0,1
118,76,0,1,0,1
118,71,1,0,0,1
118,74,1,0,0,1
117,82,0,1,0,1
117,80,0,1,0,1
116,81,1,0,0,1
120,74,1,0,0,1
122,83,0,1,0,1
121,72,1,0,0,1
123,78,1,0,0,1
125,79,0,0,1,1
125,81,0,0,1,1
126,80,0,0,1,1
126,81,0,0,1,1
127,77,0,1,0,1
