위반장소,Longitude,Latitude,ADDRESS,CODE,행정동
덕진구 팔복동 추천대교 진입 전,35.85051511,35.85051511,['NaN'],['NaN'],
덕진구 중동 산 73-20 부근,127.0556793,35.82560149,['이서면'],['5271033000'],
인봉2길26 부근,128.1641484,36.4176294,['동문동'],['4725055000'],
인봉2길 10-1 부근,128.1631402,35.82546793,['수륜면'],['4784033000'],
"장승배기로 15 삼천주공4,5단지 아파트 내",126.9427333,37.49978543,['상도4동'],['1159056000'],
인봉2길16 부근,128.1635827,36.4176943,['동문동'],['4725055000'],
인봉2길 27-49 부근,128.1635465,36.41826722,['동문동'],['4725055000'],
인봉2길26 부근,128.1641484,36.4176294,['동문동'],['4725055000'],
신촌3길 18 부근,126.929342,37.55879828,['신촌동'],['1141058500'],
봉곡2길 7-5 부근,127.6851999,36.13123084,['양산면'],['4374039000'],
인봉3길 30-12 부근,128.1635465,36.41826722,['동문동'],['4725055000'],
완산구 쑥고개로 부근,128.1635465,35.80357872,['수륜면'],['4784033000'],
신촌2길 18 화산신동아@ 부근,126.8175663,37.31372215,['초지동'],['4127357000'],
구룡2길 26 부근,127.4116486,36.71147335,['오창읍'],['4311425300'],
새터로 31 부근,127.0063029,37.25310048,['세류2동'],['4111353000'],
송정로 40-1 부근,129.1257503,37.49775426,['송정동'],['5117052000'],
구룡2길 22 부근,127.4119848,36.71177694,['오창읍'],['4311425300'],
문학로 29 대박마트 뒤,126.9685756,37.15412825,['정남면'],['4159041000'],
장승배기로 15(삼천주공4단지),126.9427333,37.49978543,['상도4동'],['1159056000'],
용신길 19-3,127.5382772,35.7488766,['천천면'],['5274034000'],
부동길 4 부근,126.6956516,36.89795963,['송악읍'],['4427025300'],
번영로 214 부근,127.0141735,36.78413755,['온양3동'],['4420059000'],
부동길 4 부근,126.6956516,36.89795963,['송악읍'],['4427025300'],
장재길6 부근,126.6993509,36.96482843,['송산면'],['4427039000'],
번영로 214 부근,127.0141735,36.78413755,['온양3동'],['4420059000'],
부동길 4 부근,126.6956516,36.89795963,['송악읍'],['4427025300'],
중동 840 부근,127.1502428,37.27517347,['동백2동'],['4146357500'],
모래내시장 주변 교차로,126.7192877,37.45567461,['구월2동'],['2820052000'],
모래내시장 주변 교차로,126.7192877,37.45567461,['구월2동'],['2820052000'],
용계길 1,126.7382895,35.72844302,['부안읍'],['5280025000'],
용계길 1,126.7382895,35.72844302,['부안읍'],['5280025000'],
