행정동,saved_count,쓰레기 민원 빈도,difference
구월2동,,2,
금암1동,89.0,89,0.0
금암2동,30.0,30,0.0
노송동,22.0,16,-6.0
덕진동,59.0,58,-1.0
동문동,,5,
동백2동,,1,
동서학동,7.0,7,0.0
부안읍,,2,
삼천1동,8.0,7,-1.0
삼천2동,29.0,29,0.0
삼천3동,69.0,66,-3.0
상도4동,,2,
서서학동,4.0,4,0.0
서신동,55.0,54,-1.0
세류2동,,1,
송산면,,1,
송악읍,,3,
송정동,,1,
송천1동,36.0,36,0.0
송천2동,34.0,34,0.0
수륜면,,2,
신촌동,,1,
양산면,,1,
여의동,38.0,35,-3.0
오창읍,,2,
온양3동,,2,
완산동,11.0,11,0.0
우아1동,27.0,26,-1.0
우아2동,29.0,27,-2.0
이서면,,1,
인후1동,65.0,65,0.0
인후2동,37.0,35,-2.0
인후3동,43.0,43,0.0
정남면,,1,
조촌동,25.0,22,-3.0
중앙동,16.0,16,0.0
중화산1동,27.0,27,0.0
중화산2동,49.0,47,-2.0
진북동,24.0,24,0.0
천천면,,1,
초지동,,1,
팔복동,50.0,50,0.0
평화1동,11.0,11,0.0
평화2동,27.0,27,0.0
풍남동,4.0,4,0.0
혁신동,49.0,47,-2.0
호성동,16.0,16,0.0
효자1동,11.0,11,0.0
효자2동,26.0,26,0.0
효자3동,9.0,9,0.0
효자4동,48.0,45,-3.0
효자5동,60.0,59,-1.0
