행정동,원룸 및 주택 밀집,쓰레기 민원 빈도,연간 쓰레기 배출량 예측 값,세대수,인구수(계),전체 인구 대비 지역 인구 비율
효자5동,1.0,0.6588235294117646,0.352183510763009,18556,36079,0.5320071950058194
서신동,0.5232974910394266,0.6000000000000001,0.480663667287232,17539,38869,0.5776108348322928
효자4동,0.4824372759856631,0.5176470588235293,0.5017914306137871,16731,38595,0.5731668606496666
삼천2동,0.3863799283154122,0.29411764705882354,0.0,6038,12294,0.14294783620780868
중화산2동,0.3548387096774194,0.5294117647058822,0.07343587636275906,9204,18950,0.25182520368215
인후3동,0.34910394265232975,0.4588235294117647,0.7402521182565419,14449,30137,0.4348746164427044
덕진동,0.2924731182795699,0.6470588235294117,0.1015116571672795,10992,20643,0.27954713786900853
우아2동,0.2702508960573477,0.29411764705882354,0.027784982508790246,7669,13795,0.1674955031213628
혁신동,0.23870967741935484,0.5294117647058822,0.8121395760229574,13029,35931,0.529573590096286
금암1동,0.21863799283154123,1.0,0.0,5834,8041,0.07343138292244206
평화2동,0.15340501792114697,0.27058823529411763,0.5528681968536943,18596,43236,0.6491376573907522
송천1동,0.14265232974910394,0.3764705882352941,1.0,24347,64691,0.9999999999999999
인후2동,0.1046594982078853,0.38823529411764707,0.0,5707,10241,0.10940641201989207
우아1동,0.1017921146953405,0.27058823529411763,0.0,5933,11939,0.13723415511586073
인후1동,0.09175627240143369,0.7176470588235293,0.04617844004826588,7423,17185,0.22304518040419
금암2동,0.09103942652329748,0.30588235294117644,0.0,5175,9449,0.09649772510845414
중화산1동,0.08172043010752687,0.27058823529411763,0.012629537503995647,6330,13510,0.16283991112051635
효자2동,0.06164874551971326,0.25882352941176473,0.0,4453,9115,0.09099566183472649
노송동,0.05663082437275985,0.2117647058823529,0.0,5456,10362,0.11141678129298488
팔복동,0.051612903225806445,0.5411764705882354,0.0,4506,7354,0.06221563855676648
진북동,0.051612903225806445,0.23529411764705882,0.0,6522,12531,0.14686276584488414
송천2동,0.045878136200716846,0.35294117647058826,0.06016661124412914,11126,26465,0.3747751560681409
삼천1동,0.03942652329749104,0.047058823529411764,0.0,5336,11582,0.13130885620569252
평화1동,0.037275985663082434,0.08235294117647057,0.0,7009,11847,0.13564702147920857
효자3동,0.025806451612903226,0.058823529411764705,0.012629537503995647,5970,13835,0.16823616548513384
중앙동,0.023655913978494623,0.1411764705882353,0.0,4885,9646,0.09967199238175856
완산동,0.020788530465949823,0.08235294117647057,0.0,2594,4881,0.021796635276690297
효자1동,0.020788530465949823,0.08235294117647057,0.012629537503995647,5881,12809,0.15141254893662046
삼천3동,0.017204301075268817,0.7647058823529411,0.08001148302477468,9155,20663,0.27986456459633896
동서학동,0.015770609318996414,0.03529411764705882,0.0,3113,5823,0.037138927097661624
서서학동,0.012186379928315411,0.0,0.0,4306,7916,0.07142101364934927
풍남동,0.010752688172043012,0.0,0.0,2242,3549,0.0
조촌동,0.0035842293906810027,0.24705882352941178,0.0,6263,12032,0.13871547984340282
여의동,0.0021505376344086013,0.39999999999999997,0.02956664109713003,7125,15887,0.20177758967305046
호성동,0.0,0.1411764705882353,0.04617844004826588,7887,18593,0.24600571368109195
